nohup: ignoring input
[DEBUG 18:48:50] git.cmd Popen(['git', 'version'], cwd=/mount/disk1/rl-hyr/pymarl, stdin=None, shell=False, universal_newlines=False)
[DEBUG 18:48:50] git.cmd Popen(['git', 'version'], cwd=/mount/disk1/rl-hyr/pymarl, stdin=None, shell=False, universal_newlines=False)
[DEBUG 18:48:50] git.cmd Popen(['git', 'diff', '--cached', '--abbrev=40', '--full-index', '--raw'], cwd=/mount/disk1/rl-hyr/pymarl, stdin=None, shell=False, universal_newlines=False)
[DEBUG 18:48:50] git.cmd Popen(['git', 'diff', '--abbrev=40', '--full-index', '--raw'], cwd=/mount/disk1/rl-hyr/pymarl, stdin=None, shell=False, universal_newlines=False)
[DEBUG 18:48:50] git.cmd Popen(['git', 'cat-file', '--batch-check'], cwd=/mount/disk1/rl-hyr/pymarl, stdin=<valid stream>, shell=False, universal_newlines=False)
[DEBUG 18:48:50] git.cmd Popen(['git', 'diff', '--cached', '--abbrev=40', '--full-index', '--raw'], cwd=/mount/disk1/rl-hyr/pymarl, stdin=None, shell=False, universal_newlines=False)
[DEBUG 18:48:50] git.cmd Popen(['git', 'diff', '--abbrev=40', '--full-index', '--raw'], cwd=/mount/disk1/rl-hyr/pymarl, stdin=None, shell=False, universal_newlines=False)
[DEBUG 18:48:50] git.cmd Popen(['git', 'cat-file', '--batch-check'], cwd=/mount/disk1/rl-hyr/pymarl, stdin=<valid stream>, shell=False, universal_newlines=False)
[DEBUG 18:48:50] git.cmd Popen(['git', 'diff', '--cached', '--abbrev=40', '--full-index', '--raw'], cwd=/mount/disk1/rl-hyr/pymarl, stdin=None, shell=False, universal_newlines=False)
[DEBUG 18:48:50] git.cmd Popen(['git', 'diff', '--abbrev=40', '--full-index', '--raw'], cwd=/mount/disk1/rl-hyr/pymarl, stdin=None, shell=False, universal_newlines=False)
[DEBUG 18:48:50] git.cmd Popen(['git', 'cat-file', '--batch-check'], cwd=/mount/disk1/rl-hyr/pymarl, stdin=<valid stream>, shell=False, universal_newlines=False)
src/main.py:69: DeprecationWarning: Using or importing the ABCs from 'collections' instead of from 'collections.abc' is deprecated since Python 3.3, and in 3.10 it will stop working
  if isinstance(v, collections.Mapping):
[INFO 18:48:50] root Saving to FileStorageObserver in results/sacred.
[DEBUG 18:48:51] pymarl Using capture mode "fd"
[INFO 18:48:51] pymarl Running command 'my_main'
[INFO 18:48:51] pymarl Started run with ID "14"
[DEBUG 18:48:51] pymarl Starting Heartbeat
[DEBUG 18:48:51] my_main Started
[INFO 18:48:51] my_main Experiment Parameters:
[INFO 18:48:51] my_main 

{   'action_selector': 'epsilon_greedy',
    'agent': 'rnn',
    'agent_output_type': 'q',
    'batch_size': 32,
    'batch_size_run': 1,
    'buffer_cpu_only': True,
    'buffer_size': 5000,
    'checkpoint_path': '',
    'collect_transitions': False,
    'critic_lr': 0.0005,
    'double_q': True,
    'env': 'sc2',
    'env_args': {   'continuing_episode': False,
                    'debug': False,
                    'difficulty': '7',
                    'game_version': None,
                    'heuristic_ai': False,
                    'heuristic_rest': False,
                    'map_name': 'MMM2',
                    'move_amount': 2,
                    'obs_all_health': True,
                    'obs_instead_of_state': False,
                    'obs_last_action': False,
                    'obs_own_health': True,
                    'obs_pathing_grid': False,
                    'obs_terrain_height': False,
                    'obs_timestep_number': False,
                    'replay_dir': '',
                    'replay_prefix': '',
                    'reward_death_value': 10,
                    'reward_defeat': 0,
                    'reward_negative_scale': 0.5,
                    'reward_only_positive': True,
                    'reward_scale': True,
                    'reward_scale_rate': 20,
                    'reward_sparse': False,
                    'reward_win': 200,
                    'seed': 247959073,
                    'state_last_action': True,
                    'state_timestep_number': False,
                    'step_mul': 8},
    'epsilon_anneal_time': 50000,
    'epsilon_finish': 0.05,
    'epsilon_start': 1.0,
    'evaluate': False,
    'gamma': 0.99,
    'grad_norm_clip': 10,
    'hypernet_embed': 64,
    'hypernet_layers': 2,
    'label': 'default_label',
    'learner': 'q_learner',
    'learner_log_interval': 10000,
    'load_step': 0,
    'local_results_path': 'results',
    'log_interval': 10000,
    'loss_weight': 0.9,
    'lr': 0.0005,
    'mac': 'basic_mac',
    'mixer': 'qmix',
    'mixing_embed_dim': 32,
    'name': 'qmix',
    'obs_agent_id': True,
    'obs_last_action': True,
    'optim_alpha': 0.99,
    'optim_eps': 1e-05,
    'repeat_id': 1,
    'reward_batch_size': 32,
    'reward_checkpoint_path': 'results/reward_models/train_reward__MMM2__qmix__2025-12-13_21-29-03',
    'reward_mixer': True,
    'reward_save_interval': 500000,
    'reward_train': 1000000,
    'reward_weight': 0.0,
    'rnn_hidden_dim': 64,
    'runner': 'episode',
    'runner_log_interval': 10000,
    'save_model': False,
    'save_model_interval': 1000000,
    'save_replay': False,
    'save_reward_model': False,
    'save_test_reward': False,
    'save_train_reward': True,
    'seed': 247959073,
    't_max': 1000000,
    'tag': 'MMM2_loss_0.9',
    'target_update_interval': 200,
    'test_greedy': True,
    'test_interval': 10000,
    'test_nepisode': 32,
    'transitions_filename': None,
    'two_stage_train': True,
    'use_cuda': True,
    'use_tensorboard': True,
    'use_transitions': False}

[INFO 18:48:52] my_main Loading model from results/reward_models/train_reward__MMM2__qmix__2025-12-13_21-29-03/4003086
[INFO 18:48:52] my_main Beginning training for 1000000 timesteps
[INFO 18:48:52] absl Launching SC2: /mount/disk1/rl-hyr/StarCraftII/Versions/Base75689/SC2_x64 -listen 127.0.0.1 -port 42803 -dataDir /mount/disk1/rl-hyr/StarCraftII/ -tempDir /tmp/sc-u377k43w/
[INFO 18:48:52] absl Connecting to: ws://127.0.0.1:42803/sc2api, attempt: 0, running: True
Version: B75689 (SC2.4.10)
Build: Aug 12 2019 17:16:57
Command Line: '"/mount/disk1/rl-hyr/StarCraftII/Versions/Base75689/SC2_x64" -listen 127.0.0.1 -port 42803 -dataDir /mount/disk1/rl-hyr/StarCraftII/ -tempDir /tmp/sc-u377k43w/'
Starting up...
Startup Phase 1 complete
[INFO 18:48:53] absl Connecting to: ws://127.0.0.1:42803/sc2api, attempt: 1, running: True
Startup Phase 2 complete
Creating stub renderer...
Listening on: 127.0.0.1:42803
Startup Phase 3 complete. Ready for commands.
[INFO 18:48:54] absl Connecting to: ws://127.0.0.1:42803/sc2api, attempt: 2, running: True
ConnectHandler: Request from 127.0.0.1:55554 accepted
ReadyHandler: 127.0.0.1:55554 ready
Requesting to join a single player game
Configuring interface options
Configure: raw interface enabled
Configure: feature layer interface disabled
Configure: score interface disabled
Configure: render interface disabled
Launching next game.
Next launch phase started: 2
Next launch phase started: 3
Next launch phase started: 4
Next launch phase started: 5
Next launch phase started: 6
Next launch phase started: 7
Next launch phase started: 8
Game has started.
Using default stable ids, none found at: /mount/disk1/rl-hyr/StarCraftII/stableid.json
Successfully loaded stable ids: GameData\stableid.json
Sending ResponseJoinGame
/mount/disk1/rl-hyr/pymarl/src/components/episode_buffer.py:103: UserWarning: Creating a tensor from a list of numpy.ndarrays is extremely slow. Please consider converting the list to a single numpy.ndarray with numpy.array() before converting to a tensor. (Triggered internally at ../torch/csrc/utils/tensor_new.cpp:245.)
  v = th.tensor(v, dtype=dtype, device=self.device)
/mount/disk1/rl-hyr/pymarl/src/components/episode_buffer.py:103: UserWarning: To copy construct from a tensor, it is recommended to use sourceTensor.clone().detach() or sourceTensor.clone().detach().requires_grad_(True), rather than torch.tensor(sourceTensor).
  v = th.tensor(v, dtype=dtype, device=self.device)
[INFO 18:48:58] my_main t_env: 35 / 1000000
[INFO 18:48:58] my_main Estimated time left: 10 minutes, 28 seconds. Time passed: 6 seconds
[INFO 18:50:13] my_main Updated target network
[INFO 18:50:27] my_main Recent Stats | t_env:      10009 | Episode:      247
battle_won_mean:           0.0000	dead_allies_mean:         10.0000	dead_enemies_mean:         0.0000	ep_length_mean:           35.0000
epsilon:                   1.0000	grad_norm:                 2.3349	q_loss:                    0.0797	q_loss_1:                  0.0875
q_loss_2:                  0.0091	q_taken_mean:             -0.0016	return_mean:               1.8718	return_std:                0.0000
target_mean:               0.0227	td_error_abs:              0.2465	test_battle_won_mean:      0.0000	test_dead_allies_mean:     8.7500
test_dead_enemies_mean:    0.2812	test_ep_length_mean:     104.7188	test_return_mean:          1.1001	test_return_std:           1.2602

[INFO 18:50:28] my_main t_env: 10042 / 1000000
[INFO 18:50:28] my_main Estimated time left: 2 hours, 27 minutes, 2 seconds. Time passed: 1 minutes, 35 seconds
[INFO 18:51:27] my_main Updated target network
[INFO 18:52:03] my_main Recent Stats | t_env:      20019 | Episode:      534
battle_won_mean:           0.0000	dead_allies_mean:          9.9636	dead_enemies_mean:         0.0020	ep_length_mean:           37.7571
epsilon:                   0.8098	grad_norm:                 1.2152	q_loss:                    0.0425	q_loss_1:                  0.0463
q_loss_2:                  0.0084	q_taken_mean:              0.0104	return_mean:               1.8905	return_std:                0.2241
target_mean:               0.0217	td_error_abs:              0.1506	test_battle_won_mean:      0.0000	test_dead_allies_mean:     9.0156
test_dead_enemies_mean:    0.2188	test_ep_length_mean:     102.0938	test_return_mean:          2.0432	test_return_std:           1.0139

[INFO 18:52:03] my_main t_env: 20059 / 1000000
[INFO 18:52:03] my_main Estimated time left: 2 hours, 35 minutes, 35 seconds. Time passed: 3 minutes, 10 seconds
[INFO 18:52:25] my_main Updated target network
[INFO 18:53:13] my_main Updated target network
[INFO 18:53:42] my_main Recent Stats | t_env:      30035 | Episode:      921
battle_won_mean:           0.0000	dead_allies_mean:          9.8712	dead_enemies_mean:         0.0223	ep_length_mean:           36.8055
epsilon:                   0.6196	grad_norm:                 0.8338	q_loss:                    0.0297	q_loss_1:                  0.0321
q_loss_2:                  0.0086	q_taken_mean:              0.0176	return_mean:               2.0346	return_std:                0.3344
target_mean:               0.0256	td_error_abs:              0.1154	test_battle_won_mean:      0.0000	test_dead_allies_mean:     9.0104
test_dead_enemies_mean:    0.9375	test_ep_length_mean:      77.1667	test_return_mean:          3.2268	test_return_std:           0.9081

[INFO 18:53:42] my_main t_env: 30059 / 1000000
[INFO 18:53:42] my_main Estimated time left: 2 hours, 40 minutes, 21 seconds. Time passed: 4 minutes, 50 seconds
[INFO 18:54:07] my_main Updated target network
[INFO 18:54:55] my_main Updated target network
[INFO 18:55:25] my_main Recent Stats | t_env:      40048 | Episode:     1319
battle_won_mean:           0.0000	dead_allies_mean:          9.6960	dead_enemies_mean:         0.0826	ep_length_mean:           34.0641
epsilon:                   0.4293	grad_norm:                 0.6439	q_loss:                    0.0240	q_loss_1:                  0.0255
q_loss_2:                  0.0107	q_taken_mean:              0.0306	return_mean:               2.1900	return_std:                0.4012
target_mean:               0.0363	td_error_abs:              0.1009	test_battle_won_mean:      0.0000	test_dead_allies_mean:     9.0078
test_dead_enemies_mean:    1.3672	test_ep_length_mean:      64.6562	test_return_mean:          3.9115	test_return_std:           0.8839

[INFO 18:55:25] my_main t_env: 40073 / 1000000
[INFO 18:55:25] my_main Estimated time left: 2 hours, 43 minutes, 55 seconds. Time passed: 6 minutes, 32 seconds
[INFO 18:55:51] my_main Updated target network
[INFO 18:56:43] my_main Updated target network
[INFO 18:57:02] my_main t_env: 50078 / 1000000
[INFO 18:57:02] my_main Estimated time left: 2 hours, 33 minutes, 41 seconds. Time passed: 8 minutes, 9 seconds
[INFO 18:57:08] my_main Recent Stats | t_env:      50078 | Episode:     1673
battle_won_mean:           0.0000	dead_allies_mean:          9.3635	dead_enemies_mean:         0.5262	ep_length_mean:           30.9520
epsilon:                   0.0500	grad_norm:                 0.6580	q_loss:                    0.0229	q_loss_1:                  0.0240
q_loss_2:                  0.0131	q_taken_mean:              0.0484	return_mean:               3.0310	return_std:                0.6425
target_mean:               0.0512	td_error_abs:              0.1017	test_battle_won_mean:      0.0000	test_dead_allies_mean:     9.0688
test_dead_enemies_mean:    2.0563	test_ep_length_mean:      44.0687	test_return_mean:          5.2923	test_return_std:           0.8205

[INFO 18:57:43] my_main Updated target network
RequestQuit command received.
Closing Application...
DataHandler: unable to parse websocket frame.
CloseHandler: 127.0.0.1:55554 disconnected
[INFO 18:57:46] absl Shutdown gracefully.
[INFO 18:57:46] absl Shutdown with return code: -15
[INFO 18:57:47] absl Launching SC2: /mount/disk1/rl-hyr/StarCraftII/Versions/Base75689/SC2_x64 -listen 127.0.0.1 -port 38433 -dataDir /mount/disk1/rl-hyr/StarCraftII/ -tempDir /tmp/sc-jm85nxtq/
[INFO 18:57:47] absl Connecting to: ws://127.0.0.1:38433/sc2api, attempt: 0, running: True
Version: B75689 (SC2.4.10)
Build: Aug 12 2019 17:16:57
Command Line: '"/mount/disk1/rl-hyr/StarCraftII/Versions/Base75689/SC2_x64" -listen 127.0.0.1 -port 38433 -dataDir /mount/disk1/rl-hyr/StarCraftII/ -tempDir /tmp/sc-jm85nxtq/'
Starting up...
Startup Phase 1 complete
[INFO 18:57:48] absl Connecting to: ws://127.0.0.1:38433/sc2api, attempt: 1, running: True
Startup Phase 2 complete
Creating stub renderer...
Listening on: 127.0.0.1:38433
Startup Phase 3 complete. Ready for commands.
[INFO 18:57:49] absl Connecting to: ws://127.0.0.1:38433/sc2api, attempt: 2, running: True
ConnectHandler: Request from 127.0.0.1:40550 accepted
ReadyHandler: 127.0.0.1:40550 ready
Requesting to join a single player game
Configuring interface options
Configure: raw interface enabled
Configure: feature layer interface disabled
Configure: score interface disabled
Configure: render interface disabled
Launching next game.
Next launch phase started: 2
Next launch phase started: 3
Next launch phase started: 4
Next launch phase started: 5
Next launch phase started: 6
Next launch phase started: 7
Next launch phase started: 8
Game has started.
Using default stable ids, none found at: /mount/disk1/rl-hyr/StarCraftII/stableid.json
Successfully loaded stable ids: GameData\stableid.json
Sending ResponseJoinGame
[INFO 18:58:37] my_main t_env: 60087 / 1000000
[INFO 18:58:37] my_main Estimated time left: 2 hours, 28 minutes, 55 seconds. Time passed: 9 minutes, 44 seconds
[INFO 18:58:44] my_main Recent Stats | t_env:      60087 | Episode:     1976
battle_won_mean:           0.0000	dead_allies_mean:          9.1847	dead_enemies_mean:         0.9749	ep_length_mean:           29.4558
epsilon:                   0.0500	grad_norm:                 0.2477	q_loss:                    0.0099	q_loss_1:                  0.0091
q_loss_2:                  0.0167	q_taken_mean:              0.0766	return_mean:               3.7620	return_std:                0.7346
target_mean:               0.0751	td_error_abs:              0.0692	test_battle_won_mean:      0.0000	test_dead_allies_mean:     9.0188
test_dead_enemies_mean:    2.4938	test_ep_length_mean:      31.1000	test_return_mean:          5.8777	test_return_std:           0.8116

[INFO 18:58:51] my_main Updated target network
[INFO 18:59:49] my_main Updated target network
[INFO 19:00:04] my_main t_env: 70109 / 1000000
[INFO 19:00:04] my_main Estimated time left: 2 hours, 14 minutes, 0 seconds. Time passed: 11 minutes, 11 seconds
[INFO 19:00:11] my_main Recent Stats | t_env:      70109 | Episode:     2252
battle_won_mean:           0.0000	dead_allies_mean:          9.0692	dead_enemies_mean:         1.4138	ep_length_mean:           29.7376
epsilon:                   0.0500	grad_norm:                 0.4954	q_loss:                    0.0151	q_loss_1:                  0.0144
q_loss_2:                  0.0219	q_taken_mean:              0.1070	return_mean:               4.4366	return_std:                0.7996
target_mean:               0.1035	td_error_abs:              0.0865	test_battle_won_mean:      0.0000	test_dead_allies_mean:     9.0500
test_dead_enemies_mean:    2.5563	test_ep_length_mean:      33.7125	test_return_mean:          5.9656	test_return_std:           0.8714

[INFO 19:00:56] my_main Updated target network
[INFO 19:01:30] my_main t_env: 80122 / 1000000
[INFO 19:01:30] my_main Estimated time left: 2 hours, 12 minutes, 29 seconds. Time passed: 12 minutes, 38 seconds
[INFO 19:01:37] my_main Recent Stats | t_env:      80122 | Episode:     2514
battle_won_mean:           0.0000	dead_allies_mean:          9.0969	dead_enemies_mean:         1.8061	ep_length_mean:           32.2131
epsilon:                   0.0500	grad_norm:                 0.6103	q_loss:                    0.0180	q_loss_1:                  0.0171
q_loss_2:                  0.0264	q_taken_mean:              0.1323	return_mean:               5.0625	return_std:                0.8469
target_mean:               0.1297	td_error_abs:              0.0974	test_battle_won_mean:      0.0000	test_dead_allies_mean:     9.1500
test_dead_enemies_mean:    2.4813	test_ep_length_mean:      36.2875	test_return_mean:          6.0059	test_return_std:           0.8673

[INFO 19:02:05] my_main Updated target network
[INFO 19:02:56] my_main t_env: 90153 / 1000000
[INFO 19:02:56] my_main Estimated time left: 2 hours, 9 minutes, 23 seconds. Time passed: 14 minutes, 3 seconds
[INFO 19:03:03] my_main Recent Stats | t_env:      90153 | Episode:     2773
battle_won_mean:           0.0000	dead_allies_mean:          9.1598	dead_enemies_mean:         2.1479	ep_length_mean:           34.9269
epsilon:                   0.0500	grad_norm:                 0.7107	q_loss:                    0.0200	q_loss_1:                  0.0191
q_loss_2:                  0.0286	q_taken_mean:              0.1476	return_mean:               5.5518	return_std:                0.8842
target_mean:               0.1463	td_error_abs:              0.1048	test_battle_won_mean:      0.0000	test_dead_allies_mean:     9.2750
test_dead_enemies_mean:    2.5375	test_ep_length_mean:      37.8250	test_return_mean:          6.0422	test_return_std:           0.8571

[INFO 19:03:12] my_main Updated target network
[INFO 19:04:13] my_main Updated target network
[INFO 19:04:22] my_main t_env: 100166 / 1000000
[INFO 19:04:22] my_main Estimated time left: 2 hours, 8 minutes, 44 seconds. Time passed: 15 minutes, 29 seconds
[INFO 19:04:29] my_main Recent Stats | t_env:     100166 | Episode:     3030
battle_won_mean:           0.0000	dead_allies_mean:          9.2570	dead_enemies_mean:         2.3212	ep_length_mean:           37.0506
epsilon:                   0.0500	grad_norm:                 0.6871	q_loss:                    0.0201	q_loss_1:                  0.0190
q_loss_2:                  0.0304	q_taken_mean:              0.1587	return_mean:               5.8038	return_std:                0.8803
target_mean:               0.1583	td_error_abs:              0.1036	test_battle_won_mean:      0.0000	test_dead_allies_mean:     9.3875
test_dead_enemies_mean:    2.5875	test_ep_length_mean:      40.1562	test_return_mean:          6.0958	test_return_std:           0.8886

[INFO 19:05:23] my_main Updated target network
[INFO 19:05:45] my_main t_env: 110184 / 1000000
[INFO 19:05:45] my_main Estimated time left: 2 hours, 3 minutes, 24 seconds. Time passed: 16 minutes, 53 seconds
[INFO 19:05:53] my_main Recent Stats | t_env:     110184 | Episode:     3263
battle_won_mean:           0.0000	dead_allies_mean:          9.3774	dead_enemies_mean:         2.3644	ep_length_mean:           39.0431
epsilon:                   0.0500	grad_norm:                 0.8086	q_loss:                    0.0219	q_loss_1:                  0.0208
q_loss_2:                  0.0323	q_taken_mean:              0.1677	return_mean:               5.9226	return_std:                0.8792
target_mean:               0.1680	td_error_abs:              0.1091	test_battle_won_mean:      0.0000	test_dead_allies_mean:     9.5562
test_dead_enemies_mean:    2.6125	test_ep_length_mean:      42.3875	test_return_mean:          6.1625	test_return_std:           0.9491

DataHandler: unable to parse websocket frame.
CloseHandler: 127.0.0.1:40550 disconnected
[INFO 19:06:06] absl Shutdown gracefully.
[INFO 19:06:06] absl Shutdown with return code: -15
[INFO 19:06:06] absl Launching SC2: /mount/disk1/rl-hyr/StarCraftII/Versions/Base75689/SC2_x64 -listen 127.0.0.1 -port 36481 -dataDir /mount/disk1/rl-hyr/StarCraftII/ -tempDir /tmp/sc-qdkn7zp2/
[INFO 19:06:06] absl Connecting to: ws://127.0.0.1:36481/sc2api, attempt: 0, running: True
Version: B75689 (SC2.4.10)
Build: Aug 12 2019 17:16:57
Command Line: '"/mount/disk1/rl-hyr/StarCraftII/Versions/Base75689/SC2_x64" -listen 127.0.0.1 -port 36481 -dataDir /mount/disk1/rl-hyr/StarCraftII/ -tempDir /tmp/sc-qdkn7zp2/'
Starting up...
Startup Phase 1 complete
[INFO 19:06:07] absl Connecting to: ws://127.0.0.1:36481/sc2api, attempt: 1, running: True
Startup Phase 2 complete
Creating stub renderer...
Listening on: 127.0.0.1:36481
Startup Phase 3 complete. Ready for commands.
[INFO 19:06:08] absl Connecting to: ws://127.0.0.1:36481/sc2api, attempt: 2, running: True
ConnectHandler: Request from 127.0.0.1:56806 accepted
ReadyHandler: 127.0.0.1:56806 ready
Requesting to join a single player game
Configuring interface options
Configure: raw interface enabled
Configure: feature layer interface disabled
Configure: score interface disabled
Configure: render interface disabled
Launching next game.
Next launch phase started: 2
Next launch phase started: 3
Next launch phase started: 4
Next launch phase started: 5
Next launch phase started: 6
Next launch phase started: 7
Next launch phase started: 8
Game has started.
Using default stable ids, none found at: /mount/disk1/rl-hyr/StarCraftII/stableid.json
Successfully loaded stable ids: GameData\stableid.json
Sending ResponseJoinGame
[INFO 19:06:47] my_main Updated target network
[INFO 19:07:16] my_main t_env: 120206 / 1000000
[INFO 19:07:16] my_main Estimated time left: 2 hours, 12 minutes, 38 seconds. Time passed: 18 minutes, 23 seconds
[INFO 19:07:24] my_main Recent Stats | t_env:     120206 | Episode:     3484
battle_won_mean:           0.0000	dead_allies_mean:          9.5041	dead_enemies_mean:         2.3899	ep_length_mean:           40.8505
epsilon:                   0.0500	grad_norm:                 0.6607	q_loss:                    0.0199	q_loss_1:                  0.0184
q_loss_2:                  0.0327	q_taken_mean:              0.1746	return_mean:               6.0047	return_std:                0.9099
target_mean:               0.1781	td_error_abs:              0.1020	test_battle_won_mean:      0.0000	test_dead_allies_mean:     9.6812
test_dead_enemies_mean:    2.5625	test_ep_length_mean:      43.9813	test_return_mean:          6.2161	test_return_std:           0.9211

[INFO 19:08:03] my_main Updated target network
[INFO 19:08:43] my_main t_env: 130243 / 1000000
[INFO 19:08:43] my_main Estimated time left: 2 hours, 6 minutes, 9 seconds. Time passed: 19 minutes, 51 seconds
[INFO 19:08:51] my_main Recent Stats | t_env:     130243 | Episode:     3716
battle_won_mean:           0.0000	dead_allies_mean:          9.6095	dead_enemies_mean:         2.3965	ep_length_mean:           41.8596
epsilon:                   0.0500	grad_norm:                 0.5947	q_loss:                    0.0203	q_loss_1:                  0.0188
q_loss_2:                  0.0333	q_taken_mean:              0.1844	return_mean:               6.0623	return_std:                0.9112
target_mean:               0.1864	td_error_abs:              0.1017	test_battle_won_mean:      0.0000	test_dead_allies_mean:     9.7250
test_dead_enemies_mean:    2.7438	test_ep_length_mean:      45.1375	test_return_mean:          6.3243	test_return_std:           0.9280

[INFO 19:09:22] my_main Updated target network
[INFO 19:10:09] my_main t_env: 140291 / 1000000
[INFO 19:10:09] my_main Estimated time left: 2 hours, 2 minutes, 57 seconds. Time passed: 21 minutes, 17 seconds
[INFO 19:10:18] my_main Recent Stats | t_env:     140291 | Episode:     3933
battle_won_mean:           0.0000	dead_allies_mean:          9.6991	dead_enemies_mean:         2.3850	ep_length_mean:           43.3745
epsilon:                   0.0500	grad_norm:                 0.6322	q_loss:                    0.0215	q_loss_1:                  0.0201
q_loss_2:                  0.0338	q_taken_mean:              0.1955	return_mean:               6.0849	return_std:                0.9054
target_mean:               0.1955	td_error_abs:              0.1037	test_battle_won_mean:      0.0000	test_dead_allies_mean:     9.7563
test_dead_enemies_mean:    2.7750	test_ep_length_mean:      47.7500	test_return_mean:          6.4651	test_return_std:           0.9627

[INFO 19:10:43] my_main Updated target network
[INFO 19:11:40] my_main t_env: 150406 / 1000000
[INFO 19:11:40] my_main Estimated time left: 2 hours, 6 minutes, 11 seconds. Time passed: 22 minutes, 47 seconds
[INFO 19:11:49] my_main Recent Stats | t_env:     150406 | Episode:     4153
battle_won_mean:           0.0000	dead_allies_mean:          9.7621	dead_enemies_mean:         2.3342	ep_length_mean:           44.7777
epsilon:                   0.0500	grad_norm:                 0.5870	q_loss:                    0.0219	q_loss_1:                  0.0206
q_loss_2:                  0.0330	q_taken_mean:              0.2043	return_mean:               6.1011	return_std:                0.9141
target_mean:               0.2046	td_error_abs:              0.1040	test_battle_won_mean:      0.0000	test_dead_allies_mean:     9.7625
test_dead_enemies_mean:    2.8000	test_ep_length_mean:      50.8812	test_return_mean:          6.5419	test_return_std:           0.9509

[INFO 19:12:06] my_main Updated target network
[INFO 19:13:08] my_main t_env: 160442 / 1000000
[INFO 19:13:08] my_main Estimated time left: 2 hours, 3 minutes, 17 seconds. Time passed: 24 minutes, 15 seconds
[INFO 19:13:15] my_main Recent Stats | t_env:     160442 | Episode:     4363
battle_won_mean:           0.0000	dead_allies_mean:          9.7808	dead_enemies_mean:         2.3406	ep_length_mean:           45.7366
epsilon:                   0.0500	grad_norm:                 0.6926	q_loss:                    0.0239	q_loss_1:                  0.0230
q_loss_2:                  0.0314	q_taken_mean:              0.2022	return_mean:               6.0945	return_std:                0.9035
target_mean:               0.2034	td_error_abs:              0.1095	test_battle_won_mean:      0.0000	test_dead_allies_mean:     9.7188
test_dead_enemies_mean:    2.9188	test_ep_length_mean:      49.9062	test_return_mean:          6.6343	test_return_std:           0.9535

[INFO 19:13:29] my_main Updated target network
RequestQuit command received.
Closing Application...
DataHandler: unable to parse websocket frame.
CloseHandler: 127.0.0.1:56806 disconnected
[INFO 19:14:24] absl Shutdown gracefully.
[INFO 19:14:24] absl Shutdown with return code: -15
[INFO 19:14:24] absl Launching SC2: /mount/disk1/rl-hyr/StarCraftII/Versions/Base75689/SC2_x64 -listen 127.0.0.1 -port 42643 -dataDir /mount/disk1/rl-hyr/StarCraftII/ -tempDir /tmp/sc-2ovj8rz5/
[INFO 19:14:24] absl Connecting to: ws://127.0.0.1:42643/sc2api, attempt: 0, running: True
Version: B75689 (SC2.4.10)
Build: Aug 12 2019 17:16:57
Command Line: '"/mount/disk1/rl-hyr/StarCraftII/Versions/Base75689/SC2_x64" -listen 127.0.0.1 -port 42643 -dataDir /mount/disk1/rl-hyr/StarCraftII/ -tempDir /tmp/sc-2ovj8rz5/'
Starting up...
Startup Phase 1 complete
[INFO 19:14:25] absl Connecting to: ws://127.0.0.1:42643/sc2api, attempt: 1, running: True
Startup Phase 2 complete
Creating stub renderer...
Listening on: 127.0.0.1:42643
Startup Phase 3 complete. Ready for commands.
[INFO 19:14:26] absl Connecting to: ws://127.0.0.1:42643/sc2api, attempt: 2, running: True
ConnectHandler: Request from 127.0.0.1:56632 accepted
ReadyHandler: 127.0.0.1:56632 ready
Requesting to join a single player game
Configuring interface options
Configure: raw interface enabled
Configure: feature layer interface disabled
Configure: score interface disabled
Configure: render interface disabled
Launching next game.
Next launch phase started: 2
Next launch phase started: 3
Next launch phase started: 4
Next launch phase started: 5
Next launch phase started: 6
Next launch phase started: 7
Next launch phase started: 8
Game has started.
Using default stable ids, none found at: /mount/disk1/rl-hyr/StarCraftII/stableid.json
Successfully loaded stable ids: GameData\stableid.json
Sending ResponseJoinGame
[INFO 19:14:39] my_main t_env: 170447 / 1000000
[INFO 19:14:39] my_main Estimated time left: 2 hours, 5 minutes, 50 seconds. Time passed: 25 minutes, 46 seconds
[INFO 19:14:48] my_main Recent Stats | t_env:     170447 | Episode:     4569
battle_won_mean:           0.0000	dead_allies_mean:          9.7683	dead_enemies_mean:         2.3539	ep_length_mean:           46.3806
epsilon:                   0.0500	grad_norm:                 0.7920	q_loss:                    0.0255	q_loss_1:                  0.0250
q_loss_2:                  0.0306	q_taken_mean:              0.2046	return_mean:               6.1241	return_std:                0.9222
target_mean:               0.2034	td_error_abs:              0.1126	test_battle_won_mean:      0.0000	test_dead_allies_mean:     9.6750
test_dead_enemies_mean:    3.1125	test_ep_length_mean:      52.1000	test_return_mean:          6.7790	test_return_std:           0.9900

[INFO 19:15:01] my_main Updated target network
[INFO 19:16:09] my_main t_env: 180448 / 1000000
[INFO 19:16:09] my_main Estimated time left: 2 hours, 3 minutes, 13 seconds. Time passed: 27 minutes, 17 seconds
[INFO 19:16:18] my_main Recent Stats | t_env:     180448 | Episode:     4775
battle_won_mean:           0.0000	dead_allies_mean:          9.7331	dead_enemies_mean:         2.4129	ep_length_mean:           47.4377
epsilon:                   0.0500	grad_norm:                 0.9747	q_loss:                    0.0275	q_loss_1:                  0.0272
q_loss_2:                  0.0299	q_taken_mean:              0.2050	return_mean:               6.1584	return_std:                0.9508
target_mean:               0.2024	td_error_abs:              0.1182	test_battle_won_mean:      0.0000	test_dead_allies_mean:     9.6375
test_dead_enemies_mean:    3.0438	test_ep_length_mean:      54.3312	test_return_mean:          6.7856	test_return_std:           1.0442

[INFO 19:16:28] my_main Updated target network
[INFO 19:17:45] my_main t_env: 190480 / 1000000
[INFO 19:17:45] my_main Estimated time left: 2 hours, 8 minutes, 10 seconds. Time passed: 28 minutes, 52 seconds
[INFO 19:17:52] my_main Recent Stats | t_env:     190480 | Episode:     4995
battle_won_mean:           0.0000	dead_allies_mean:          9.7146	dead_enemies_mean:         2.4646	ep_length_mean:           47.2969
epsilon:                   0.0500	grad_norm:                 0.9177	q_loss:                    0.0274	q_loss_1:                  0.0272
q_loss_2:                  0.0295	q_taken_mean:              0.2093	return_mean:               6.1883	return_std:                0.9691
target_mean:               0.2069	td_error_abs:              0.1182	test_battle_won_mean:      0.0000	test_dead_allies_mean:     9.6250
test_dead_enemies_mean:    3.0375	test_ep_length_mean:      51.6937	test_return_mean:          6.7659	test_return_std:           1.0373

[INFO 19:17:54] my_main Updated target network
[INFO 19:19:12] my_main Updated target network
[INFO 19:19:22] my_main t_env: 200513 / 1000000
[INFO 19:19:22] my_main Estimated time left: 2 hours, 8 minutes, 43 seconds. Time passed: 30 minutes, 29 seconds
[INFO 19:19:29] my_main Recent Stats | t_env:     200513 | Episode:     5227
battle_won_mean:           0.0000	dead_allies_mean:          9.6778	dead_enemies_mean:         2.5523	ep_length_mean:           46.7505
epsilon:                   0.0500	grad_norm:                 1.2244	q_loss:                    0.0318	q_loss_1:                  0.0320
q_loss_2:                  0.0302	q_taken_mean:              0.2090	return_mean:               6.2145	return_std:                0.9772
target_mean:               0.2047	td_error_abs:              0.1284	test_battle_won_mean:      0.0000	test_dead_allies_mean:     9.6375
test_dead_enemies_mean:    2.9875	test_ep_length_mean:      48.2938	test_return_mean:          6.7664	test_return_std:           1.0292

[INFO 19:20:36] my_main Updated target network
[INFO 19:20:59] my_main t_env: 210517 / 1000000
[INFO 19:20:59] my_main Estimated time left: 2 hours, 8 minutes, 42 seconds. Time passed: 32 minutes, 7 seconds
[INFO 19:21:07] my_main Recent Stats | t_env:     210517 | Episode:     5461
battle_won_mean:           0.0000	dead_allies_mean:          9.6825	dead_enemies_mean:         2.5567	ep_length_mean:           45.7429
epsilon:                   0.0500	grad_norm:                 0.9590	q_loss:                    0.0282	q_loss_1:                  0.0281
q_loss_2:                  0.0291	q_taken_mean:              0.2101	return_mean:               6.2443	return_std:                0.9818
target_mean:               0.2036	td_error_abs:              0.1173	test_battle_won_mean:      0.0000	test_dead_allies_mean:     9.6500
test_dead_enemies_mean:    2.9375	test_ep_length_mean:      49.2062	test_return_mean:          6.7781	test_return_std:           0.9953

[INFO 19:22:00] my_main Updated target network
[INFO 19:22:40] my_main t_env: 220537 / 1000000
[INFO 19:22:40] my_main Estimated time left: 2 hours, 10 minutes, 22 seconds. Time passed: 33 minutes, 47 seconds
[INFO 19:22:47] my_main Recent Stats | t_env:     220537 | Episode:     5704
battle_won_mean:           0.0000	dead_allies_mean:          9.6741	dead_enemies_mean:         2.6220	ep_length_mean:           44.2762
epsilon:                   0.0500	grad_norm:                 1.1032	q_loss:                    0.0306	q_loss_1:                  0.0307
q_loss_2:                  0.0295	q_taken_mean:              0.2111	return_mean:               6.2535	return_std:                0.9267
target_mean:               0.2035	td_error_abs:              0.1239	test_battle_won_mean:      0.0000	test_dead_allies_mean:     9.6375
test_dead_enemies_mean:    2.8875	test_ep_length_mean:      44.8500	test_return_mean:          6.6803	test_return_std:           0.9648

[INFO 19:23:23] my_main Updated target network
RequestQuit command received.
Closing Application...
DataHandler: unable to parse websocket frame.
CloseHandler: 127.0.0.1:56632 disconnected
[INFO 19:23:32] absl Shutdown gracefully.
[INFO 19:23:32] absl Shutdown with return code: -15
[INFO 19:23:32] absl Launching SC2: /mount/disk1/rl-hyr/StarCraftII/Versions/Base75689/SC2_x64 -listen 127.0.0.1 -port 46631 -dataDir /mount/disk1/rl-hyr/StarCraftII/ -tempDir /tmp/sc-aybpdepk/
[INFO 19:23:32] absl Connecting to: ws://127.0.0.1:46631/sc2api, attempt: 0, running: True
Version: B75689 (SC2.4.10)
Build: Aug 12 2019 17:16:57
Command Line: '"/mount/disk1/rl-hyr/StarCraftII/Versions/Base75689/SC2_x64" -listen 127.0.0.1 -port 46631 -dataDir /mount/disk1/rl-hyr/StarCraftII/ -tempDir /tmp/sc-aybpdepk/'
Starting up...
Startup Phase 1 complete
[INFO 19:23:33] absl Connecting to: ws://127.0.0.1:46631/sc2api, attempt: 1, running: True
Startup Phase 2 complete
Creating stub renderer...
Listening on: 127.0.0.1:46631
Startup Phase 3 complete. Ready for commands.
[INFO 19:23:34] absl Connecting to: ws://127.0.0.1:46631/sc2api, attempt: 2, running: True
ConnectHandler: Request from 127.0.0.1:54560 accepted
ReadyHandler: 127.0.0.1:54560 ready
Requesting to join a single player game
Configuring interface options
Configure: raw interface enabled
Configure: feature layer interface disabled
Configure: score interface disabled
Configure: render interface disabled
Launching next game.
Next launch phase started: 2
Next launch phase started: 3
Next launch phase started: 4
Next launch phase started: 5
Next launch phase started: 6
Next launch phase started: 7
Next launch phase started: 8
Game has started.
Using default stable ids, none found at: /mount/disk1/rl-hyr/StarCraftII/stableid.json
Successfully loaded stable ids: GameData\stableid.json
Sending ResponseJoinGame
[INFO 19:24:29] my_main t_env: 230539 / 1000000
[INFO 19:24:29] my_main Estimated time left: 2 hours, 20 minutes, 1 seconds. Time passed: 35 minutes, 37 seconds
[INFO 19:24:36] my_main Recent Stats | t_env:     230539 | Episode:     5959
battle_won_mean:           0.0000	dead_allies_mean:          9.6668	dead_enemies_mean:         2.6329	ep_length_mean:           42.4112
epsilon:                   0.0500	grad_norm:                 0.8957	q_loss:                    0.0287	q_loss_1:                  0.0287
q_loss_2:                  0.0288	q_taken_mean:              0.2139	return_mean:               6.2598	return_std:                0.9306
target_mean:               0.2077	td_error_abs:              0.1185	test_battle_won_mean:      0.0000	test_dead_allies_mean:     9.6562
test_dead_enemies_mean:    2.9250	test_ep_length_mean:      42.0062	test_return_mean:          6.6801	test_return_std:           0.9299

[INFO 19:24:52] my_main Updated target network
[INFO 19:26:08] my_main Updated target network
[INFO 19:26:11] my_main t_env: 240549 / 1000000
[INFO 19:26:11] my_main Estimated time left: 2 hours, 8 minutes, 48 seconds. Time passed: 37 minutes, 18 seconds
[INFO 19:26:18] my_main Recent Stats | t_env:     240549 | Episode:     6210
battle_won_mean:           0.0000	dead_allies_mean:          9.6544	dead_enemies_mean:         2.6258	ep_length_mean:           41.2673
epsilon:                   0.0500	grad_norm:                 1.0089	q_loss:                    0.0297	q_loss_1:                  0.0297
q_loss_2:                  0.0292	q_taken_mean:              0.2125	return_mean:               6.2751	return_std:                0.9236
target_mean:               0.2056	td_error_abs:              0.1208	test_battle_won_mean:      0.0000	test_dead_allies_mean:     9.6375
test_dead_enemies_mean:    3.0375	test_ep_length_mean:      41.9562	test_return_mean:          6.7716	test_return_std:           1.0036

[INFO 19:27:29] my_main Updated target network
[INFO 19:27:56] my_main t_env: 250573 / 1000000
[INFO 19:27:56] my_main Estimated time left: 2 hours, 11 minutes, 0 seconds. Time passed: 39 minutes, 4 seconds
[INFO 19:28:03] my_main Recent Stats | t_env:     250573 | Episode:     6472
battle_won_mean:           0.0000	dead_allies_mean:          9.6576	dead_enemies_mean:         2.5711	ep_length_mean:           40.2701
epsilon:                   0.0500	grad_norm:                 0.6482	q_loss:                    0.0247	q_loss_1:                  0.0244
q_loss_2:                  0.0279	q_taken_mean:              0.2149	return_mean:               6.2822	return_std:                0.9149
target_mean:               0.2106	td_error_abs:              0.1089	test_battle_won_mean:      0.0000	test_dead_allies_mean:     9.6250
test_dead_enemies_mean:    3.0938	test_ep_length_mean:      40.9688	test_return_mean:          6.8460	test_return_std:           0.9805

[INFO 19:28:52] my_main Updated target network
[INFO 19:29:41] my_main t_env: 260607 / 1000000
[INFO 19:29:41] my_main Estimated time left: 2 hours, 8 minutes, 30 seconds. Time passed: 40 minutes, 48 seconds
[INFO 19:29:48] my_main Recent Stats | t_env:     260607 | Episode:     6735
battle_won_mean:           0.0000	dead_allies_mean:          9.6175	dead_enemies_mean:         2.5643	ep_length_mean:           39.3500
epsilon:                   0.0500	grad_norm:                 0.7579	q_loss:                    0.0260	q_loss_1:                  0.0258
q_loss_2:                  0.0285	q_taken_mean:              0.2238	return_mean:               6.2788	return_std:                0.9161
target_mean:               0.2203	td_error_abs:              0.1138	test_battle_won_mean:      0.0000	test_dead_allies_mean:     9.6125
test_dead_enemies_mean:    3.1063	test_ep_length_mean:      39.4875	test_return_mean:          6.8697	test_return_std:           0.9821

[INFO 19:30:12] my_main Updated target network
[INFO 19:31:25] my_main t_env: 270607 / 1000000
[INFO 19:31:25] my_main Estimated time left: 2 hours, 6 minutes, 25 seconds. Time passed: 42 minutes, 32 seconds
[INFO 19:31:32] my_main Recent Stats | t_env:     270607 | Episode:     6987
battle_won_mean:           0.0000	dead_allies_mean:          9.6113	dead_enemies_mean:         2.5659	ep_length_mean:           39.0396
epsilon:                   0.0500	grad_norm:                 0.4159	q_loss:                    0.0210	q_loss_1:                  0.0204
q_loss_2:                  0.0264	q_taken_mean:              0.2240	return_mean:               6.3217	return_std:                0.9353
target_mean:               0.2232	td_error_abs:              0.1004	test_battle_won_mean:      0.0000	test_dead_allies_mean:     9.6375
test_dead_enemies_mean:    3.1312	test_ep_length_mean:      39.8500	test_return_mean:          6.9619	test_return_std:           1.0131

[INFO 19:31:37] my_main Updated target network
[INFO 19:32:52] my_main Updated target network
[INFO 19:33:13] my_main t_env: 280644 / 1000000
[INFO 19:33:13] my_main Estimated time left: 2 hours, 9 minutes, 45 seconds. Time passed: 44 minutes, 21 seconds
[INFO 19:33:21] my_main Recent Stats | t_env:     280644 | Episode:     7256
battle_won_mean:           0.0000	dead_allies_mean:          9.5907	dead_enemies_mean:         2.5551	ep_length_mean:           38.6574
epsilon:                   0.0500	grad_norm:                 0.4654	q_loss:                    0.0205	q_loss_1:                  0.0199
q_loss_2:                  0.0265	q_taken_mean:              0.2276	return_mean:               6.3273	return_std:                0.9024
target_mean:               0.2276	td_error_abs:              0.0991	test_battle_won_mean:      0.0000	test_dead_allies_mean:     9.6062
test_dead_enemies_mean:    3.1875	test_ep_length_mean:      39.6250	test_return_mean:          7.0190	test_return_std:           0.9947

RequestQuit command received.
Closing Application...
DataHandler: unable to parse websocket frame.
CloseHandler: 127.0.0.1:54560 disconnected
[INFO 19:33:38] absl Shutdown gracefully.
[INFO 19:33:38] absl Shutdown with return code: -15
[INFO 19:33:38] absl Launching SC2: /mount/disk1/rl-hyr/StarCraftII/Versions/Base75689/SC2_x64 -listen 127.0.0.1 -port 46849 -dataDir /mount/disk1/rl-hyr/StarCraftII/ -tempDir /tmp/sc-ealdqku2/
[INFO 19:33:38] absl Connecting to: ws://127.0.0.1:46849/sc2api, attempt: 0, running: True
Version: B75689 (SC2.4.10)
Build: Aug 12 2019 17:16:57
Command Line: '"/mount/disk1/rl-hyr/StarCraftII/Versions/Base75689/SC2_x64" -listen 127.0.0.1 -port 46849 -dataDir /mount/disk1/rl-hyr/StarCraftII/ -tempDir /tmp/sc-ealdqku2/'
Starting up...
Startup Phase 1 complete
[INFO 19:33:39] absl Connecting to: ws://127.0.0.1:46849/sc2api, attempt: 1, running: True
Startup Phase 2 complete
Creating stub renderer...
Listening on: 127.0.0.1:46849
Startup Phase 3 complete. Ready for commands.
[INFO 19:33:40] absl Connecting to: ws://127.0.0.1:46849/sc2api, attempt: 2, running: True
ConnectHandler: Request from 127.0.0.1:45702 accepted
ReadyHandler: 127.0.0.1:45702 ready
Requesting to join a single player game
Configuring interface options
Configure: raw interface enabled
Configure: feature layer interface disabled
Configure: score interface disabled
Configure: render interface disabled
Launching next game.
Next launch phase started: 2
Next launch phase started: 3
Next launch phase started: 4
Next launch phase started: 5
Next launch phase started: 6
Next launch phase started: 7
Next launch phase started: 8
Game has started.
Using default stable ids, none found at: /mount/disk1/rl-hyr/StarCraftII/stableid.json
Successfully loaded stable ids: GameData\stableid.json
Sending ResponseJoinGame
[INFO 19:34:20] my_main Updated target network
[INFO 19:35:02] my_main t_env: 290659 / 1000000
[INFO 19:35:02] my_main Estimated time left: 2 hours, 8 minutes, 12 seconds. Time passed: 46 minutes, 9 seconds
[INFO 19:35:09] my_main Recent Stats | t_env:     290659 | Episode:     7508
battle_won_mean:           0.0000	dead_allies_mean:          9.5704	dead_enemies_mean:         2.5506	ep_length_mean:           38.6297
epsilon:                   0.0500	grad_norm:                 0.3234	q_loss:                    0.0190	q_loss_1:                  0.0183
q_loss_2:                  0.0256	q_taken_mean:              0.2297	return_mean:               6.3417	return_std:                0.8983
target_mean:               0.2306	td_error_abs:              0.0944	test_battle_won_mean:      0.0000	test_dead_allies_mean:     9.6062
test_dead_enemies_mean:    3.0563	test_ep_length_mean:      39.1125	test_return_mean:          6.9671	test_return_std:           0.8967

[INFO 19:35:46] my_main Updated target network
[INFO 19:36:46] my_main t_env: 300686 / 1000000
[INFO 19:36:46] my_main Estimated time left: 2 hours, 20 seconds. Time passed: 47 minutes, 53 seconds
[INFO 19:36:54] my_main Recent Stats | t_env:     300686 | Episode:     7756
battle_won_mean:           0.0000	dead_allies_mean:          9.5663	dead_enemies_mean:         2.6215	ep_length_mean:           39.0641
epsilon:                   0.0500	grad_norm:                 0.3914	q_loss:                    0.0192	q_loss_1:                  0.0184
q_loss_2:                  0.0264	q_taken_mean:              0.2327	return_mean:               6.4087	return_std:                0.9187
target_mean:               0.2341	td_error_abs:              0.0950	test_battle_won_mean:      0.0000	test_dead_allies_mean:     9.5938
test_dead_enemies_mean:    3.0750	test_ep_length_mean:      41.4750	test_return_mean:          6.9980	test_return_std:           0.9863

[INFO 19:37:11] my_main Updated target network
[INFO 19:38:28] my_main t_env: 310724 / 1000000
[INFO 19:38:28] my_main Estimated time left: 1 hours, 57 minutes, 1 seconds. Time passed: 49 minutes, 35 seconds
[INFO 19:38:35] my_main Recent Stats | t_env:     310724 | Episode:     7995
battle_won_mean:           0.0000	dead_allies_mean:          9.5766	dead_enemies_mean:         2.6312	ep_length_mean:           39.8337
epsilon:                   0.0500	grad_norm:                 0.3008	q_loss:                    0.0187	q_loss_1:                  0.0178
q_loss_2:                  0.0272	q_taken_mean:              0.2319	return_mean:               6.4438	return_std:                0.9378
target_mean:               0.2327	td_error_abs:              0.0927	test_battle_won_mean:      0.0000	test_dead_allies_mean:     9.5875
test_dead_enemies_mean:    3.2125	test_ep_length_mean:      42.5625	test_return_mean:          7.1163	test_return_std:           1.0189

[INFO 19:38:38] my_main Updated target network
[INFO 19:39:58] my_main Updated target network
[INFO 19:40:11] my_main t_env: 320742 / 1000000
[INFO 19:40:11] my_main Estimated time left: 1 hours, 57 minutes, 5 seconds. Time passed: 51 minutes, 19 seconds
[INFO 19:40:20] my_main Recent Stats | t_env:     320742 | Episode:     8233
battle_won_mean:           0.0000	dead_allies_mean:          9.5736	dead_enemies_mean:         2.5925	ep_length_mean:           40.3156
epsilon:                   0.0500	grad_norm:                 0.3176	q_loss:                    0.0188	q_loss_1:                  0.0178
q_loss_2:                  0.0274	q_taken_mean:              0.2290	return_mean:               6.4309	return_std:                0.9500
target_mean:               0.2295	td_error_abs:              0.0916	test_battle_won_mean:      0.0000	test_dead_allies_mean:     9.5562
test_dead_enemies_mean:    3.1688	test_ep_length_mean:      45.3750	test_return_mean:          7.1403	test_return_std:           1.0356

[INFO 19:41:27] my_main Updated target network
[INFO 19:41:59] my_main t_env: 330748 / 1000000
[INFO 19:41:59] my_main Estimated time left: 2 hours, 4 seconds. Time passed: 53 minutes, 7 seconds
[INFO 19:42:06] my_main Recent Stats | t_env:     330748 | Episode:     8483
battle_won_mean:           0.0000	dead_allies_mean:          9.5711	dead_enemies_mean:         2.6130	ep_length_mean:           40.8580
epsilon:                   0.0500	grad_norm:                 0.5042	q_loss:                    0.0219	q_loss_1:                  0.0209
q_loss_2:                  0.0308	q_taken_mean:              0.2330	return_mean:               6.4603	return_std:                0.9737
target_mean:               0.2311	td_error_abs:              0.0988	test_battle_won_mean:      0.0000	test_dead_allies_mean:     9.5813
test_dead_enemies_mean:    3.0750	test_ep_length_mean:      45.1937	test_return_mean:          7.0778	test_return_std:           1.0350

[INFO 19:42:52] my_main Updated target network
RequestQuit command received.
Closing Application...
DataHandler: unable to parse websocket frame.
CloseHandler: 127.0.0.1:45702 disconnected
[INFO 19:43:38] absl Shutdown gracefully.
[INFO 19:43:38] absl Shutdown with return code: -15
[INFO 19:43:38] absl Launching SC2: /mount/disk1/rl-hyr/StarCraftII/Versions/Base75689/SC2_x64 -listen 127.0.0.1 -port 34791 -dataDir /mount/disk1/rl-hyr/StarCraftII/ -tempDir /tmp/sc-a91ely3g/
Version: B75689 (SC2.4.10)
Build: Aug 12 2019 17:16:57
[INFO 19:43:38] absl Connecting to: ws://127.0.0.1:34791/sc2api, attempt: 0, running: True
Command Line: '"/mount/disk1/rl-hyr/StarCraftII/Versions/Base75689/SC2_x64" -listen 127.0.0.1 -port 34791 -dataDir /mount/disk1/rl-hyr/StarCraftII/ -tempDir /tmp/sc-a91ely3g/'
Starting up...
Startup Phase 1 complete
[INFO 19:43:39] absl Connecting to: ws://127.0.0.1:34791/sc2api, attempt: 1, running: True
Startup Phase 2 complete
Creating stub renderer...
Listening on: 127.0.0.1:34791
Startup Phase 3 complete. Ready for commands.
[INFO 19:43:40] absl Connecting to: ws://127.0.0.1:34791/sc2api, attempt: 2, running: True
ConnectHandler: Request from 127.0.0.1:33550 accepted
ReadyHandler: 127.0.0.1:33550 ready
Requesting to join a single player game
Configuring interface options
Configure: raw interface enabled
Configure: feature layer interface disabled
Configure: score interface disabled
Configure: render interface disabled
Launching next game.
Next launch phase started: 2
Next launch phase started: 3
Next launch phase started: 4
Next launch phase started: 5
Next launch phase started: 6
Next launch phase started: 7
Next launch phase started: 8
Game has started.
Using default stable ids, none found at: /mount/disk1/rl-hyr/StarCraftII/stableid.json
Successfully loaded stable ids: GameData\stableid.json
Sending ResponseJoinGame
[INFO 19:43:47] my_main t_env: 340765 / 1000000
[INFO 19:43:47] my_main Estimated time left: 1 hours, 58 minutes, 2 seconds. Time passed: 54 minutes, 54 seconds
[INFO 19:43:54] my_main Recent Stats | t_env:     340765 | Episode:     8727
battle_won_mean:           0.0000	dead_allies_mean:          9.5582	dead_enemies_mean:         2.6250	ep_length_mean:           41.1202
epsilon:                   0.0500	grad_norm:                 0.5408	q_loss:                    0.0222	q_loss_1:                  0.0212
q_loss_2:                  0.0312	q_taken_mean:              0.2344	return_mean:               6.4478	return_std:                0.9707
target_mean:               0.2326	td_error_abs:              0.0994	test_battle_won_mean:      0.0000	test_dead_allies_mean:     9.5437
test_dead_enemies_mean:    3.1312	test_ep_length_mean:      45.1000	test_return_mean:          7.0593	test_return_std:           1.0135

[INFO 19:44:23] my_main Updated target network
[INFO 19:45:26] my_main t_env: 350779 / 1000000
[INFO 19:45:26] my_main Estimated time left: 1 hours, 47 minutes, 37 seconds. Time passed: 56 minutes, 34 seconds
[INFO 19:45:34] my_main Recent Stats | t_env:     350779 | Episode:     8957
battle_won_mean:           0.0000	dead_allies_mean:          9.5401	dead_enemies_mean:         2.5855	ep_length_mean:           41.7418
epsilon:                   0.0500	grad_norm:                 0.6254	q_loss:                    0.0231	q_loss_1:                  0.0222
q_loss_2:                  0.0314	q_taken_mean:              0.2331	return_mean:               6.3968	return_std:                0.9629
target_mean:               0.2299	td_error_abs:              0.1012	test_battle_won_mean:      0.0000	test_dead_allies_mean:     9.5250
test_dead_enemies_mean:    3.1063	test_ep_length_mean:      43.2625	test_return_mean:          6.9553	test_return_std:           0.9275

[INFO 19:45:52] my_main Updated target network
[INFO 19:47:07] my_main t_env: 360785 / 1000000
[INFO 19:47:07] my_main Estimated time left: 1 hours, 47 minutes, 23 seconds. Time passed: 58 minutes, 15 seconds
[INFO 19:47:16] my_main Recent Stats | t_env:     360785 | Episode:     9192
battle_won_mean:           0.0000	dead_allies_mean:          9.5269	dead_enemies_mean:         2.5712	ep_length_mean:           41.8575
epsilon:                   0.0500	grad_norm:                 0.7296	q_loss:                    0.0230	q_loss_1:                  0.0222
q_loss_2:                  0.0305	q_taken_mean:              0.2317	return_mean:               6.3483	return_std:                0.9568
target_mean:               0.2292	td_error_abs:              0.1010	test_battle_won_mean:      0.0000	test_dead_allies_mean:     9.5000
test_dead_enemies_mean:    2.9688	test_ep_length_mean:      45.7438	test_return_mean:          6.8006	test_return_std:           0.9274

[INFO 19:47:20] my_main Updated target network
[INFO 19:48:37] my_main Updated target network
[INFO 19:48:54] my_main t_env: 370821 / 1000000
[INFO 19:48:54] my_main Estimated time left: 1 hours, 51 minutes, 58 seconds. Time passed: 1 hours, 2 seconds
[INFO 19:49:01] my_main Recent Stats | t_env:     370821 | Episode:     9449
battle_won_mean:           0.0000	dead_allies_mean:          9.4862	dead_enemies_mean:         2.5920	ep_length_mean:           41.2491
epsilon:                   0.0500	grad_norm:                 0.7133	q_loss:                    0.0232	q_loss_1:                  0.0224
q_loss_2:                  0.0310	q_taken_mean:              0.2340	return_mean:               6.3050	return_std:                0.9427
target_mean:               0.2316	td_error_abs:              0.1018	test_battle_won_mean:      0.0000	test_dead_allies_mean:     9.4688
test_dead_enemies_mean:    3.0438	test_ep_length_mean:      42.7687	test_return_mean:          6.7487	test_return_std:           0.9647

[INFO 19:49:59] my_main Updated target network
[INFO 19:50:40] my_main t_env: 380821 / 1000000
[INFO 19:50:40] my_main Estimated time left: 1 hours, 49 minutes, 13 seconds. Time passed: 1 hours, 1 minutes, 48 seconds
[INFO 19:50:47] my_main Recent Stats | t_env:     380821 | Episode:     9711
battle_won_mean:           0.0000	dead_allies_mean:          9.4602	dead_enemies_mean:         2.6257	ep_length_mean:           40.8779
epsilon:                   0.0500	grad_norm:                 0.5534	q_loss:                    0.0203	q_loss_1:                  0.0195
q_loss_2:                  0.0275	q_taken_mean:              0.2260	return_mean:               6.2866	return_std:                0.9520
target_mean:               0.2264	td_error_abs:              0.0955	test_battle_won_mean:      0.0000	test_dead_allies_mean:     9.3938
test_dead_enemies_mean:    3.2188	test_ep_length_mean:      42.3875	test_return_mean:          6.7838	test_return_std:           0.9938

[INFO 19:51:20] my_main Updated target network
[INFO 19:52:29] my_main t_env: 390837 / 1000000
[INFO 19:52:29] my_main Estimated time left: 1 hours, 50 minutes, 32 seconds. Time passed: 1 hours, 3 minutes, 37 seconds
[INFO 19:52:36] my_main Recent Stats | t_env:     390837 | Episode:     9996
battle_won_mean:           0.0000	dead_allies_mean:          9.4257	dead_enemies_mean:         2.6401	ep_length_mean:           39.6960
epsilon:                   0.0500	grad_norm:                 0.5516	q_loss:                    0.0205	q_loss_1:                  0.0196
q_loss_2:                  0.0278	q_taken_mean:              0.2265	return_mean:               6.2613	return_std:                0.9559
target_mean:               0.2281	td_error_abs:              0.0965	test_battle_won_mean:      0.0000	test_dead_allies_mean:     9.3438
test_dead_enemies_mean:    3.2687	test_ep_length_mean:      41.4813	test_return_mean:          6.7722	test_return_std:           1.0113

[INFO 19:52:38] my_main Updated target network
[INFO 19:53:47] my_main Updated target network
RequestQuit command received.
Closing Application...
DataHandler: unable to parse websocket frame.
CloseHandler: 127.0.0.1:33550 disconnected
[INFO 19:53:52] absl Shutdown gracefully.
[INFO 19:53:52] absl Shutdown with return code: -15
[INFO 19:53:52] absl Launching SC2: /mount/disk1/rl-hyr/StarCraftII/Versions/Base75689/SC2_x64 -listen 127.0.0.1 -port 42425 -dataDir /mount/disk1/rl-hyr/StarCraftII/ -tempDir /tmp/sc-529ze8jn/
[INFO 19:53:52] absl Connecting to: ws://127.0.0.1:42425/sc2api, attempt: 0, running: True
Version: B75689 (SC2.4.10)
Build: Aug 12 2019 17:16:57
Command Line: '"/mount/disk1/rl-hyr/StarCraftII/Versions/Base75689/SC2_x64" -listen 127.0.0.1 -port 42425 -dataDir /mount/disk1/rl-hyr/StarCraftII/ -tempDir /tmp/sc-529ze8jn/'
Starting up...
Startup Phase 1 complete
[INFO 19:53:53] absl Connecting to: ws://127.0.0.1:42425/sc2api, attempt: 1, running: True
Startup Phase 2 complete
Creating stub renderer...
Listening on: 127.0.0.1:42425
Startup Phase 3 complete. Ready for commands.
[INFO 19:53:54] absl Connecting to: ws://127.0.0.1:42425/sc2api, attempt: 2, running: True
ConnectHandler: Request from 127.0.0.1:45176 accepted
ReadyHandler: 127.0.0.1:45176 ready
Requesting to join a single player game
Configuring interface options
Configure: raw interface enabled
Configure: feature layer interface disabled
Configure: score interface disabled
Configure: render interface disabled
Launching next game.
Next launch phase started: 2
Next launch phase started: 3
Next launch phase started: 4
Next launch phase started: 5
Next launch phase started: 6
Next launch phase started: 7
Next launch phase started: 8
Game has started.
Using default stable ids, none found at: /mount/disk1/rl-hyr/StarCraftII/stableid.json
Successfully loaded stable ids: GameData\stableid.json
Sending ResponseJoinGame
[INFO 19:54:30] my_main t_env: 400839 / 1000000
[INFO 19:54:30] my_main Estimated time left: 2 hours, 52 seconds. Time passed: 1 hours, 5 minutes, 38 seconds
[INFO 19:54:37] my_main Recent Stats | t_env:     400839 | Episode:    10310
battle_won_mean:           0.0000	dead_allies_mean:          9.3470	dead_enemies_mean:         2.7080	ep_length_mean:           37.3589
epsilon:                   0.0500	grad_norm:                 0.5042	q_loss:                    0.0199	q_loss_1:                  0.0188
q_loss_2:                  0.0295	q_taken_mean:              0.2220	return_mean:               6.2277	return_std:                0.9546
target_mean:               0.2252	td_error_abs:              0.0956	test_battle_won_mean:      0.0000	test_dead_allies_mean:     9.2625
test_dead_enemies_mean:    3.3688	test_ep_length_mean:      39.8812	test_return_mean:          6.8257	test_return_std:           1.0647

[INFO 19:55:10] my_main Updated target network
[INFO 19:56:20] my_main Updated target network
[INFO 19:56:22] my_main t_env: 410859 / 1000000
[INFO 19:56:22] my_main Estimated time left: 1 hours, 49 minutes, 14 seconds. Time passed: 1 hours, 7 minutes, 29 seconds
[INFO 19:56:28] my_main Recent Stats | t_env:     410859 | Episode:    10607
battle_won_mean:           0.0000	dead_allies_mean:          9.2855	dead_enemies_mean:         2.7697	ep_length_mean:           35.5907
epsilon:                   0.0500	grad_norm:                 0.4356	q_loss:                    0.0198	q_loss_1:                  0.0187
q_loss_2:                  0.0301	q_taken_mean:              0.2278	return_mean:               6.2451	return_std:                0.9593
target_mean:               0.2295	td_error_abs:              0.0955	test_battle_won_mean:      0.0000	test_dead_allies_mean:     9.1812
test_dead_enemies_mean:    3.4562	test_ep_length_mean:      35.3250	test_return_mean:          6.8890	test_return_std:           1.0218

[INFO 19:57:33] my_main Updated target network
[INFO 19:58:09] my_main t_env: 420884 / 1000000
[INFO 19:58:09] my_main Estimated time left: 1 hours, 43 minutes, 10 seconds. Time passed: 1 hours, 9 minutes, 16 seconds
[INFO 19:58:16] my_main Recent Stats | t_env:     420884 | Episode:    10905
battle_won_mean:           0.0000	dead_allies_mean:          9.2594	dead_enemies_mean:         2.8002	ep_length_mean:           34.5087
epsilon:                   0.0500	grad_norm:                 0.5314	q_loss:                    0.0208	q_loss_1:                  0.0197
q_loss_2:                  0.0303	q_taken_mean:              0.2315	return_mean:               6.2870	return_std:                0.9712
target_mean:               0.2337	td_error_abs:              0.0984	test_battle_won_mean:      0.0000	test_dead_allies_mean:     9.2063
test_dead_enemies_mean:    3.4437	test_ep_length_mean:      35.0875	test_return_mean:          6.9451	test_return_std:           0.9124

[INFO 19:58:50] my_main Updated target network
[INFO 19:59:56] my_main t_env: 430902 / 1000000
[INFO 19:59:56] my_main Estimated time left: 1 hours, 41 minutes, 32 seconds. Time passed: 1 hours, 11 minutes, 4 seconds
[INFO 20:00:03] my_main Recent Stats | t_env:     430902 | Episode:    11192
battle_won_mean:           0.0000	dead_allies_mean:          9.2556	dead_enemies_mean:         2.8081	ep_length_mean:           33.8563
epsilon:                   0.0500	grad_norm:                 0.4415	q_loss:                    0.0205	q_loss_1:                  0.0193
q_loss_2:                  0.0310	q_taken_mean:              0.2379	return_mean:               6.3210	return_std:                0.9585
target_mean:               0.2393	td_error_abs:              0.0977	test_battle_won_mean:      0.0000	test_dead_allies_mean:     9.2312
test_dead_enemies_mean:    3.4000	test_ep_length_mean:      34.6625	test_return_mean:          7.0306	test_return_std:           0.8939

[INFO 20:00:07] my_main Updated target network
[INFO 20:01:17] my_main Updated target network
[INFO 20:01:37] my_main t_env: 440913 / 1000000
[INFO 20:01:37] my_main Estimated time left: 1 hours, 33 minutes, 22 seconds. Time passed: 1 hours, 12 minutes, 44 seconds
[INFO 20:01:44] my_main Recent Stats | t_env:     440913 | Episode:    11455
battle_won_mean:           0.0000	dead_allies_mean:          9.3023	dead_enemies_mean:         2.8231	ep_length_mean:           34.4405
epsilon:                   0.0500	grad_norm:                 0.3715	q_loss:                    0.0197	q_loss_1:                  0.0184
q_loss_2:                  0.0306	q_taken_mean:              0.2342	return_mean:               6.4046	return_std:                0.9528
target_mean:               0.2348	td_error_abs:              0.0952	test_battle_won_mean:      0.0000	test_dead_allies_mean:     9.2812
test_dead_enemies_mean:    3.3625	test_ep_length_mean:      36.1437	test_return_mean:          7.0802	test_return_std:           0.8702

[INFO 20:02:39] my_main Updated target network
[INFO 20:03:20] my_main t_env: 450940 / 1000000
[INFO 20:03:20] my_main Estimated time left: 1 hours, 34 minutes, 1 seconds. Time passed: 1 hours, 14 minutes, 27 seconds
[INFO 20:03:27] my_main Recent Stats | t_env:     450940 | Episode:    11717
battle_won_mean:           0.0000	dead_allies_mean:          9.3643	dead_enemies_mean:         2.8192	ep_length_mean:           35.7240
epsilon:                   0.0500	grad_norm:                 0.3671	q_loss:                    0.0194	q_loss_1:                  0.0184
q_loss_2:                  0.0286	q_taken_mean:              0.2363	return_mean:               6.5075	return_std:                0.9583
target_mean:               0.2353	td_error_abs:              0.0942	test_battle_won_mean:      0.0000	test_dead_allies_mean:     9.3062
test_dead_enemies_mean:    3.4562	test_ep_length_mean:      37.0000	test_return_mean:          7.2182	test_return_std:           0.8776

[INFO 20:03:56] my_main Updated target network
RequestQuit command received.
Closing Application...
DataHandler: unable to parse websocket frame.
CloseHandler: 127.0.0.1:45176 disconnected
[INFO 20:04:14] absl Shutdown gracefully.
[INFO 20:04:14] absl Shutdown with return code: -15
[INFO 20:04:14] absl Launching SC2: /mount/disk1/rl-hyr/StarCraftII/Versions/Base75689/SC2_x64 -listen 127.0.0.1 -port 44757 -dataDir /mount/disk1/rl-hyr/StarCraftII/ -tempDir /tmp/sc-uwzx14w5/
Version: B75689 (SC2.4.10)
Build: Aug 12 2019 17:16:57
[INFO 20:04:14] absl Connecting to: ws://127.0.0.1:44757/sc2api, attempt: 0, running: True
Command Line: '"/mount/disk1/rl-hyr/StarCraftII/Versions/Base75689/SC2_x64" -listen 127.0.0.1 -port 44757 -dataDir /mount/disk1/rl-hyr/StarCraftII/ -tempDir /tmp/sc-uwzx14w5/'
Starting up...
Startup Phase 1 complete
[INFO 20:04:15] absl Connecting to: ws://127.0.0.1:44757/sc2api, attempt: 1, running: True
Startup Phase 2 complete
Creating stub renderer...
Listening on: 127.0.0.1:44757
Startup Phase 3 complete. Ready for commands.
[INFO 20:04:16] absl Connecting to: ws://127.0.0.1:44757/sc2api, attempt: 2, running: True
ConnectHandler: Request from 127.0.0.1:54244 accepted
ReadyHandler: 127.0.0.1:54244 ready
Requesting to join a single player game
Configuring interface options
Configure: raw interface enabled
Configure: feature layer interface disabled
Configure: score interface disabled
Configure: render interface disabled
Launching next game.
Next launch phase started: 2
Next launch phase started: 3
Next launch phase started: 4
Next launch phase started: 5
Next launch phase started: 6
Next launch phase started: 7
Next launch phase started: 8
Game has started.
Using default stable ids, none found at: /mount/disk1/rl-hyr/StarCraftII/stableid.json
Successfully loaded stable ids: GameData\stableid.json
Sending ResponseJoinGame
[INFO 20:05:10] my_main t_env: 460964 / 1000000
[INFO 20:05:10] my_main Estimated time left: 1 hours, 38 minutes, 44 seconds. Time passed: 1 hours, 16 minutes, 17 seconds
[INFO 20:05:17] my_main Recent Stats | t_env:     460964 | Episode:    11989
battle_won_mean:           0.0000	dead_allies_mean:          9.3986	dead_enemies_mean:         2.7980	ep_length_mean:           36.3471
epsilon:                   0.0500	grad_norm:                 0.3729	q_loss:                    0.0199	q_loss_1:                  0.0188
q_loss_2:                  0.0292	q_taken_mean:              0.2386	return_mean:               6.5475	return_std:                0.9657
target_mean:               0.2386	td_error_abs:              0.0963	test_battle_won_mean:      0.0000	test_dead_allies_mean:     9.3813
test_dead_enemies_mean:    3.5187	test_ep_length_mean:      38.0938	test_return_mean:          7.2713	test_return_std:           0.8995

[INFO 20:05:21] my_main Updated target network
[INFO 20:06:31] my_main Updated target network
[INFO 20:06:53] my_main t_env: 470977 / 1000000
[INFO 20:06:53] my_main Estimated time left: 1 hours, 30 minutes, 57 seconds. Time passed: 1 hours, 18 minutes, 0 seconds
[INFO 20:07:00] my_main Recent Stats | t_env:     470977 | Episode:    12261
battle_won_mean:           0.0000	dead_allies_mean:          9.4462	dead_enemies_mean:         2.8047	ep_length_mean:           36.9814
epsilon:                   0.0500	grad_norm:                 0.3125	q_loss:                    0.0197	q_loss_1:                  0.0186
q_loss_2:                  0.0297	q_taken_mean:              0.2418	return_mean:               6.5838	return_std:                0.9417
target_mean:               0.2414	td_error_abs:              0.0969	test_battle_won_mean:      0.0000	test_dead_allies_mean:     9.4187
test_dead_enemies_mean:    3.5938	test_ep_length_mean:      38.8625	test_return_mean:          7.3404	test_return_std:           0.9403

[INFO 20:07:51] my_main Updated target network
[INFO 20:08:32] my_main t_env: 480985 / 1000000
[INFO 20:08:32] my_main Estimated time left: 1 hours, 25 minutes, 16 seconds. Time passed: 1 hours, 19 minutes, 39 seconds
[INFO 20:08:39] my_main Recent Stats | t_env:     480985 | Episode:    12514
battle_won_mean:           0.0000	dead_allies_mean:          9.4819	dead_enemies_mean:         2.8003	ep_length_mean:           37.9117
epsilon:                   0.0500	grad_norm:                 0.4100	q_loss:                    0.0203	q_loss_1:                  0.0193
q_loss_2:                  0.0296	q_taken_mean:              0.2433	return_mean:               6.6153	return_std:                0.9538
target_mean:               0.2423	td_error_abs:              0.0990	test_battle_won_mean:      0.0000	test_dead_allies_mean:     9.4688
test_dead_enemies_mean:    3.6625	test_ep_length_mean:      40.1688	test_return_mean:          7.3561	test_return_std:           0.9273

[INFO 20:09:12] my_main Updated target network
[INFO 20:10:12] my_main t_env: 491016 / 1000000
[INFO 20:10:12] my_main Estimated time left: 1 hours, 25 minutes, 3 seconds. Time passed: 1 hours, 21 minutes, 20 seconds
[INFO 20:10:20] my_main Recent Stats | t_env:     491016 | Episode:    12767
battle_won_mean:           0.0000	dead_allies_mean:          9.4988	dead_enemies_mean:         2.8073	ep_length_mean:           38.2284
epsilon:                   0.0500	grad_norm:                 0.5596	q_loss:                    0.0216	q_loss_1:                  0.0206
q_loss_2:                  0.0301	q_taken_mean:              0.2471	return_mean:               6.6332	return_std:                0.9555
target_mean:               0.2448	td_error_abs:              0.1031	test_battle_won_mean:      0.0000	test_dead_allies_mean:     9.4563
test_dead_enemies_mean:    3.8125	test_ep_length_mean:      40.3937	test_return_mean:          7.4718	test_return_std:           0.9707

[INFO 20:10:32] my_main Updated target network
[INFO 20:11:49] my_main Updated target network
[INFO 20:11:53] my_main t_env: 501027 / 1000000
[INFO 20:11:53] my_main Estimated time left: 1 hours, 23 minutes, 51 seconds. Time passed: 1 hours, 23 minutes, 1 seconds
[INFO 20:12:01] my_main Recent Stats | t_env:     501027 | Episode:    13011
battle_won_mean:           0.0000	dead_allies_mean:          9.5029	dead_enemies_mean:         2.8432	ep_length_mean:           38.7799
epsilon:                   0.0500	grad_norm:                 0.7172	q_loss:                    0.0237	q_loss_1:                  0.0229
q_loss_2:                  0.0315	q_taken_mean:              0.2526	return_mean:               6.6461	return_std:                0.9557
target_mean:               0.2530	td_error_abs:              0.1107	test_battle_won_mean:      0.0000	test_dead_allies_mean:     9.5125
test_dead_enemies_mean:    3.7125	test_ep_length_mean:      41.4625	test_return_mean:          7.4302	test_return_std:           0.9425

[INFO 20:13:12] my_main Updated target network
[INFO 20:13:30] my_main t_env: 511027 / 1000000
[INFO 20:13:30] my_main Estimated time left: 1 hours, 18 minutes, 56 seconds. Time passed: 1 hours, 24 minutes, 38 seconds
[INFO 20:13:37] my_main Recent Stats | t_env:     511027 | Episode:    13253
battle_won_mean:           0.0000	dead_allies_mean:          9.5178	dead_enemies_mean:         2.9026	ep_length_mean:           39.6738
epsilon:                   0.0500	grad_norm:                 0.7972	q_loss:                    0.0248	q_loss_1:                  0.0241
q_loss_2:                  0.0312	q_taken_mean:              0.2526	return_mean:               6.7065	return_std:                0.9628
target_mean:               0.2513	td_error_abs:              0.1123	test_battle_won_mean:      0.0000	test_dead_allies_mean:     9.4937
test_dead_enemies_mean:    3.7188	test_ep_length_mean:      41.3688	test_return_mean:          7.4300	test_return_std:           0.9161

RequestQuit command received.
Closing Application...
DataHandler: unable to parse websocket frame.
CloseHandler: 127.0.0.1:54244 disconnected
[INFO 20:13:57] absl Shutdown gracefully.
[INFO 20:13:57] absl Shutdown with return code: -15
[INFO 20:13:57] absl Launching SC2: /mount/disk1/rl-hyr/StarCraftII/Versions/Base75689/SC2_x64 -listen 127.0.0.1 -port 40849 -dataDir /mount/disk1/rl-hyr/StarCraftII/ -tempDir /tmp/sc-5281zz_v/
Version: B75689 (SC2.4.10)
Build: Aug 12 2019 17:16:57
Command Line: '"/mount/disk1/rl-hyr/StarCraftII/Versions/Base75689/SC2_x64" -listen 127.0.0.1 -port 40849 -dataDir /mount/disk1/rl-hyr/StarCraftII/ -tempDir /tmp/sc-5281zz_v/'
[INFO 20:13:57] absl Connecting to: ws://127.0.0.1:40849/sc2api, attempt: 0, running: True
Starting up...
Startup Phase 1 complete
[INFO 20:13:58] absl Connecting to: ws://127.0.0.1:40849/sc2api, attempt: 1, running: True
Startup Phase 2 complete
Creating stub renderer...
Listening on: 127.0.0.1:40849
Startup Phase 3 complete. Ready for commands.
[INFO 20:13:59] absl Connecting to: ws://127.0.0.1:40849/sc2api, attempt: 2, running: True
ConnectHandler: Request from 127.0.0.1:43160 accepted
ReadyHandler: 127.0.0.1:43160 ready
Requesting to join a single player game
Configuring interface options
Configure: raw interface enabled
Configure: feature layer interface disabled
Configure: score interface disabled
Configure: render interface disabled
Launching next game.
Next launch phase started: 2
Next launch phase started: 3
Next launch phase started: 4
Next launch phase started: 5
Next launch phase started: 6
Next launch phase started: 7
Next launch phase started: 8
Game has started.
Using default stable ids, none found at: /mount/disk1/rl-hyr/StarCraftII/stableid.json
Successfully loaded stable ids: GameData\stableid.json
Sending ResponseJoinGame
[INFO 20:14:35] my_main Updated target network
[INFO 20:15:20] my_main t_env: 521039 / 1000000
[INFO 20:15:20] my_main Estimated time left: 1 hours, 27 minutes, 44 seconds. Time passed: 1 hours, 26 minutes, 28 seconds
[INFO 20:15:28] my_main Recent Stats | t_env:     521039 | Episode:    13528
battle_won_mean:           0.0000	dead_allies_mean:          9.5007	dead_enemies_mean:         2.8956	ep_length_mean:           39.5928
epsilon:                   0.0500	grad_norm:                 0.8210	q_loss:                    0.0242	q_loss_1:                  0.0236
q_loss_2:                  0.0295	q_taken_mean:              0.2453	return_mean:               6.7106	return_std:                0.9902
target_mean:               0.2444	td_error_abs:              0.1103	test_battle_won_mean:      0.0000	test_dead_allies_mean:     9.4500
test_dead_enemies_mean:    3.7125	test_ep_length_mean:      41.6000	test_return_mean:          7.4494	test_return_std:           0.9572

[INFO 20:15:53] my_main Updated target network
[INFO 20:17:03] my_main Updated target network
[INFO 20:17:03] my_main t_env: 531047 / 1000000
[INFO 20:17:03] my_main Estimated time left: 1 hours, 20 minutes, 34 seconds. Time passed: 1 hours, 28 minutes, 11 seconds
[INFO 20:17:10] my_main Recent Stats | t_env:     531047 | Episode:    13801
battle_won_mean:           0.0000	dead_allies_mean:          9.4738	dead_enemies_mean:         2.9133	ep_length_mean:           39.0132
epsilon:                   0.0500	grad_norm:                 1.0558	q_loss:                    0.0269	q_loss_1:                  0.0267
q_loss_2:                  0.0289	q_taken_mean:              0.2430	return_mean:               6.7081	return_std:                0.9721
target_mean:               0.2402	td_error_abs:              0.1185	test_battle_won_mean:      0.0000	test_dead_allies_mean:     9.4375
test_dead_enemies_mean:    3.6437	test_ep_length_mean:      40.5500	test_return_mean:          7.3986	test_return_std:           1.0261

[INFO 20:18:21] my_main Updated target network
[INFO 20:18:43] my_main t_env: 541063 / 1000000
[INFO 20:18:43] my_main Estimated time left: 1 hours, 15 minutes, 58 seconds. Time passed: 1 hours, 29 minutes, 50 seconds
[INFO 20:18:50] my_main Recent Stats | t_env:     541063 | Episode:    14066
battle_won_mean:           0.0000	dead_allies_mean:          9.4237	dead_enemies_mean:         2.9805	ep_length_mean:           38.6428
epsilon:                   0.0500	grad_norm:                 0.9554	q_loss:                    0.0256	q_loss_1:                  0.0254
q_loss_2:                  0.0275	q_taken_mean:              0.2388	return_mean:               6.7384	return_std:                0.9954
target_mean:               0.2380	td_error_abs:              0.1157	test_battle_won_mean:      0.0000	test_dead_allies_mean:     9.4563
test_dead_enemies_mean:    3.6250	test_ep_length_mean:      40.0687	test_return_mean:          7.4238	test_return_std:           1.1501

[INFO 20:19:36] my_main Updated target network
[INFO 20:20:24] my_main t_env: 551087 / 1000000
[INFO 20:20:24] my_main Estimated time left: 1 hours, 15 minutes, 23 seconds. Time passed: 1 hours, 31 minutes, 31 seconds
[INFO 20:20:31] my_main Recent Stats | t_env:     551087 | Episode:    14337
battle_won_mean:           0.0000	dead_allies_mean:          9.3967	dead_enemies_mean:         3.0056	ep_length_mean:           37.8348
epsilon:                   0.0500	grad_norm:                 0.7292	q_loss:                    0.0237	q_loss_1:                  0.0235
q_loss_2:                  0.0259	q_taken_mean:              0.2427	return_mean:               6.7512	return_std:                1.0027
target_mean:               0.2404	td_error_abs:              0.1100	test_battle_won_mean:      0.0000	test_dead_allies_mean:     9.4187
test_dead_enemies_mean:    3.6688	test_ep_length_mean:      39.4000	test_return_mean:          7.4221	test_return_std:           1.1928

[INFO 20:20:54] my_main Updated target network
[INFO 20:22:06] my_main Updated target network
[INFO 20:22:09] my_main t_env: 561103 / 1000000
[INFO 20:22:09] my_main Estimated time left: 1 hours, 16 minutes, 57 seconds. Time passed: 1 hours, 33 minutes, 17 seconds
[INFO 20:22:17] my_main Recent Stats | t_env:     561103 | Episode:    14611
battle_won_mean:           0.0000	dead_allies_mean:          9.3797	dead_enemies_mean:         3.0218	ep_length_mean:           36.8813
epsilon:                   0.0500	grad_norm:                 0.6614	q_loss:                    0.0227	q_loss_1:                  0.0223
q_loss_2:                  0.0254	q_taken_mean:              0.2440	return_mean:               6.7522	return_std:                0.9870
target_mean:               0.2436	td_error_abs:              0.1081	test_battle_won_mean:      0.0000	test_dead_allies_mean:     9.4125
test_dead_enemies_mean:    3.7062	test_ep_length_mean:      40.2375	test_return_mean:          7.4766	test_return_std:           1.2004

[INFO 20:23:29] my_main Updated target network
[INFO 20:23:50] my_main t_env: 571132 / 1000000
[INFO 20:23:50] my_main Estimated time left: 1 hours, 12 minutes, 0 seconds. Time passed: 1 hours, 34 minutes, 58 seconds
RequestQuit command received.
Closing Application...
DataHandler: unable to parse websocket frame.
CloseHandler: 127.0.0.1:43160 disconnected
[INFO 20:23:54] absl Shutdown gracefully.
[INFO 20:23:54] absl Shutdown with return code: -15
[INFO 20:23:54] absl Launching SC2: /mount/disk1/rl-hyr/StarCraftII/Versions/Base75689/SC2_x64 -listen 127.0.0.1 -port 36927 -dataDir /mount/disk1/rl-hyr/StarCraftII/ -tempDir /tmp/sc-538_hzu8/
Version: B75689 (SC2.4.10)
Build: Aug 12 2019 17:16:57
Command Line: '"/mount/disk1/rl-hyr/StarCraftII/Versions/Base75689/SC2_x64" -listen 127.0.0.1 -port 36927 -dataDir /mount/disk1/rl-hyr/StarCraftII/ -tempDir /tmp/sc-538_hzu8/'
[INFO 20:23:55] absl Connecting to: ws://127.0.0.1:36927/sc2api, attempt: 0, running: True
Starting up...
Startup Phase 1 complete
[INFO 20:23:56] absl Connecting to: ws://127.0.0.1:36927/sc2api, attempt: 1, running: True
Startup Phase 2 complete
Creating stub renderer...
Listening on: 127.0.0.1:36927
Startup Phase 3 complete. Ready for commands.
[INFO 20:23:57] absl Connecting to: ws://127.0.0.1:36927/sc2api, attempt: 2, running: True
ConnectHandler: Request from 127.0.0.1:48246 accepted
ReadyHandler: 127.0.0.1:48246 ready
Requesting to join a single player game
Configuring interface options
Configure: raw interface enabled
Configure: feature layer interface disabled
Configure: score interface disabled
Configure: render interface disabled
Launching next game.
Next launch phase started: 2
Next launch phase started: 3
Next launch phase started: 4
Next launch phase started: 5
Next launch phase started: 6
Next launch phase started: 7
Next launch phase started: 8
Game has started.
Using default stable ids, none found at: /mount/disk1/rl-hyr/StarCraftII/stableid.json
Successfully loaded stable ids: GameData\stableid.json
Sending ResponseJoinGame
[INFO 20:24:04] my_main Recent Stats | t_env:     571132 | Episode:    14859
battle_won_mean:           0.0000	dead_allies_mean:          9.3935	dead_enemies_mean:         3.0758	ep_length_mean:           37.6878
epsilon:                   0.0500	grad_norm:                 0.6130	q_loss:                    0.0236	q_loss_1:                  0.0233
q_loss_2:                  0.0263	q_taken_mean:              0.2546	return_mean:               6.8052	return_std:                0.9809
target_mean:               0.2536	td_error_abs:              0.1104	test_battle_won_mean:      0.0000	test_dead_allies_mean:     9.3500
test_dead_enemies_mean:    3.6750	test_ep_length_mean:      40.0187	test_return_mean:          7.4682	test_return_std:           1.1341

[INFO 20:24:57] my_main Updated target network
[INFO 20:25:36] my_main t_env: 581152 / 1000000
[INFO 20:25:36] my_main Estimated time left: 1 hours, 13 minutes, 45 seconds. Time passed: 1 hours, 36 minutes, 43 seconds
[INFO 20:25:44] my_main Recent Stats | t_env:     581152 | Episode:    15102
battle_won_mean:           0.0000	dead_allies_mean:          9.4249	dead_enemies_mean:         3.1020	ep_length_mean:           38.6028
epsilon:                   0.0500	grad_norm:                 0.4930	q_loss:                    0.0222	q_loss_1:                  0.0217
q_loss_2:                  0.0266	q_taken_mean:              0.2568	return_mean:               6.8488	return_std:                0.9951
target_mean:               0.2595	td_error_abs:              0.1064	test_battle_won_mean:      0.0000	test_dead_allies_mean:     9.3375
test_dead_enemies_mean:    3.6437	test_ep_length_mean:      40.3063	test_return_mean:          7.5054	test_return_std:           1.0555

[INFO 20:26:22] my_main Updated target network
[INFO 20:27:17] my_main t_env: 591176 / 1000000
[INFO 20:27:17] my_main Estimated time left: 1 hours, 8 minutes, 37 seconds. Time passed: 1 hours, 38 minutes, 24 seconds
[INFO 20:27:28] my_main Recent Stats | t_env:     591176 | Episode:    15341
battle_won_mean:           0.0000	dead_allies_mean:          9.4679	dead_enemies_mean:         3.0646	ep_length_mean:           39.4318
epsilon:                   0.0500	grad_norm:                 0.4912	q_loss:                    0.0228	q_loss_1:                  0.0223
q_loss_2:                  0.0279	q_taken_mean:              0.2656	return_mean:               6.8688	return_std:                0.9984
target_mean:               0.2670	td_error_abs:              0.1074	test_battle_won_mean:      0.0000	test_dead_allies_mean:     9.3438
test_dead_enemies_mean:    3.6500	test_ep_length_mean:      44.5250	test_return_mean:          7.4869	test_return_std:           0.9416

[INFO 20:27:52] my_main Updated target network
[INFO 20:28:59] my_main t_env: 601190 / 1000000
[INFO 20:28:59] my_main Estimated time left: 1 hours, 7 minutes, 51 seconds. Time passed: 1 hours, 40 minutes, 7 seconds
[INFO 20:29:08] my_main Recent Stats | t_env:     601190 | Episode:    15576
battle_won_mean:           0.0000	dead_allies_mean:          9.5121	dead_enemies_mean:         3.0183	ep_length_mean:           40.5566
epsilon:                   0.0500	grad_norm:                 0.5808	q_loss:                    0.0229	q_loss_1:                  0.0223
q_loss_2:                  0.0276	q_taken_mean:              0.2586	return_mean:               6.8869	return_std:                1.0022
target_mean:               0.2606	td_error_abs:              0.1070	test_battle_won_mean:      0.0000	test_dead_allies_mean:     9.3438
test_dead_enemies_mean:    3.6250	test_ep_length_mean:      46.3875	test_return_mean:          7.4566	test_return_std:           0.8817

[INFO 20:29:18] my_main Updated target network
[INFO 20:30:37] my_main Updated target network
[INFO 20:30:45] my_main t_env: 611211 / 1000000
[INFO 20:30:45] my_main Estimated time left: 1 hours, 8 minutes, 8 seconds. Time passed: 1 hours, 41 minutes, 52 seconds
[INFO 20:30:53] my_main Recent Stats | t_env:     611211 | Episode:    15821
battle_won_mean:           0.0000	dead_allies_mean:          9.5214	dead_enemies_mean:         3.0438	ep_length_mean:           41.4261
epsilon:                   0.0500	grad_norm:                 0.6816	q_loss:                    0.0233	q_loss_1:                  0.0229
q_loss_2:                  0.0275	q_taken_mean:              0.2541	return_mean:               6.9141	return_std:                0.9976
target_mean:               0.2565	td_error_abs:              0.1077	test_battle_won_mean:      0.0000	test_dead_allies_mean:     9.3375
test_dead_enemies_mean:    3.6437	test_ep_length_mean:      46.2250	test_return_mean:          7.5082	test_return_std:           0.9440

[INFO 20:32:01] my_main Updated target network
[INFO 20:32:34] my_main t_env: 621236 / 1000000
[INFO 20:32:34] my_main Estimated time left: 1 hours, 8 minutes, 46 seconds. Time passed: 1 hours, 43 minutes, 41 seconds
[INFO 20:32:42] my_main Recent Stats | t_env:     621236 | Episode:    16089
battle_won_mean:           0.0000	dead_allies_mean:          9.4888	dead_enemies_mean:         3.0726	ep_length_mean:           40.8195
epsilon:                   0.0500	grad_norm:                 0.7997	q_loss:                    0.0231	q_loss_1:                  0.0225
q_loss_2:                  0.0277	q_taken_mean:              0.2512	return_mean:               6.9195	return_std:                1.0122
target_mean:               0.2528	td_error_abs:              0.1071	test_battle_won_mean:      0.0000	test_dead_allies_mean:     9.3687
test_dead_enemies_mean:    3.8125	test_ep_length_mean:      46.8500	test_return_mean:          7.5980	test_return_std:           0.9703

[INFO 20:33:25] my_main Updated target network
RequestQuit command received.
Closing Application...
DataHandler: unable to parse websocket frame.
CloseHandler: 127.0.0.1:48246 disconnected
[INFO 20:33:53] absl Shutdown gracefully.
[INFO 20:33:53] absl Shutdown with return code: -15
[INFO 20:33:53] absl Launching SC2: /mount/disk1/rl-hyr/StarCraftII/Versions/Base75689/SC2_x64 -listen 127.0.0.1 -port 40369 -dataDir /mount/disk1/rl-hyr/StarCraftII/ -tempDir /tmp/sc-zbu40kp0/
Version: B75689 (SC2.4.10)
Build: Aug 12 2019 17:16:57
Command Line: '"/mount/disk1/rl-hyr/StarCraftII/Versions/Base75689/SC2_x64" -listen 127.0.0.1 -port 40369 -dataDir /mount/disk1/rl-hyr/StarCraftII/ -tempDir /tmp/sc-zbu40kp0/'
[INFO 20:33:54] absl Connecting to: ws://127.0.0.1:40369/sc2api, attempt: 0, running: True
Starting up...
Startup Phase 1 complete
[INFO 20:33:55] absl Connecting to: ws://127.0.0.1:40369/sc2api, attempt: 1, running: True
Startup Phase 2 complete
Creating stub renderer...
Listening on: 127.0.0.1:40369
Startup Phase 3 complete. Ready for commands.
[INFO 20:33:56] absl Connecting to: ws://127.0.0.1:40369/sc2api, attempt: 2, running: True
ConnectHandler: Request from 127.0.0.1:55018 accepted
ReadyHandler: 127.0.0.1:55018 ready
Requesting to join a single player game
Configuring interface options
Configure: raw interface enabled
Configure: feature layer interface disabled
Configure: score interface disabled
Configure: render interface disabled
Launching next game.
Next launch phase started: 2
Next launch phase started: 3
Next launch phase started: 4
Next launch phase started: 5
Next launch phase started: 6
Next launch phase started: 7
Next launch phase started: 8
Game has started.
Using default stable ids, none found at: /mount/disk1/rl-hyr/StarCraftII/stableid.json
Successfully loaded stable ids: GameData\stableid.json
Sending ResponseJoinGame
[INFO 20:34:31] my_main t_env: 631261 / 1000000
[INFO 20:34:31] my_main Estimated time left: 1 hours, 11 minutes, 59 seconds. Time passed: 1 hours, 45 minutes, 39 seconds
[INFO 20:34:39] my_main Recent Stats | t_env:     631261 | Episode:    16359
battle_won_mean:           0.0000	dead_allies_mean:          9.4347	dead_enemies_mean:         3.0899	ep_length_mean:           39.9985
epsilon:                   0.0500	grad_norm:                 0.6648	q_loss:                    0.0216	q_loss_1:                  0.0209
q_loss_2:                  0.0276	q_taken_mean:              0.2478	return_mean:               6.8948	return_std:                1.0173
target_mean:               0.2486	td_error_abs:              0.1025	test_battle_won_mean:      0.0000	test_dead_allies_mean:     9.3250
test_dead_enemies_mean:    3.8500	test_ep_length_mean:      46.3125	test_return_mean:          7.5655	test_return_std:           0.9761

[INFO 20:34:55] my_main Updated target network
[INFO 20:36:12] my_main Updated target network
[INFO 20:36:16] my_main t_env: 641272 / 1000000
[INFO 20:36:16] my_main Estimated time left: 1 hours, 2 minutes, 32 seconds. Time passed: 1 hours, 47 minutes, 23 seconds
[INFO 20:36:24] my_main Recent Stats | t_env:     641272 | Episode:    16611
battle_won_mean:           0.0000	dead_allies_mean:          9.3882	dead_enemies_mean:         3.1560	ep_length_mean:           39.5555
epsilon:                   0.0500	grad_norm:                 0.7605	q_loss:                    0.0217	q_loss_1:                  0.0211
q_loss_2:                  0.0274	q_taken_mean:              0.2442	return_mean:               6.8764	return_std:                1.0224
target_mean:               0.2446	td_error_abs:              0.1028	test_battle_won_mean:      0.0000	test_dead_allies_mean:     9.2937
test_dead_enemies_mean:    3.8250	test_ep_length_mean:      42.5687	test_return_mean:          7.5555	test_return_std:           1.0348

[INFO 20:37:41] my_main Updated target network
[INFO 20:38:00] my_main t_env: 651283 / 1000000
[INFO 20:38:00] my_main Estimated time left: 1 hours, 7 seconds. Time passed: 1 hours, 49 minutes, 7 seconds
[INFO 20:38:10] my_main Recent Stats | t_env:     651283 | Episode:    16847
battle_won_mean:           0.0000	dead_allies_mean:          9.3513	dead_enemies_mean:         3.2197	ep_length_mean:           39.5168
epsilon:                   0.0500	grad_norm:                 0.6427	q_loss:                    0.0211	q_loss_1:                  0.0204
q_loss_2:                  0.0273	q_taken_mean:              0.2449	return_mean:               6.8902	return_std:                1.0145
target_mean:               0.2446	td_error_abs:              0.1007	test_battle_won_mean:      0.0000	test_dead_allies_mean:     9.2812
test_dead_enemies_mean:    4.0312	test_ep_length_mean:      44.0812	test_return_mean:          7.7494	test_return_std:           1.1600

[INFO 20:39:09] my_main Updated target network
[INFO 20:39:50] my_main t_env: 661317 / 1000000
[INFO 20:39:50] my_main Estimated time left: 1 hours, 1 minutes, 51 seconds. Time passed: 1 hours, 50 minutes, 57 seconds
[INFO 20:39:59] my_main Recent Stats | t_env:     661317 | Episode:    17102
battle_won_mean:           0.0000	dead_allies_mean:          9.3448	dead_enemies_mean:         3.2309	ep_length_mean:           39.2062
epsilon:                   0.0500	grad_norm:                 0.5630	q_loss:                    0.0205	q_loss_1:                  0.0197
q_loss_2:                  0.0277	q_taken_mean:              0.2487	return_mean:               6.9077	return_std:                1.0513
target_mean:               0.2468	td_error_abs:              0.0991	test_battle_won_mean:      0.0000	test_dead_allies_mean:     9.3438
test_dead_enemies_mean:    3.9375	test_ep_length_mean:      45.9625	test_return_mean:          7.7185	test_return_std:           1.1738

[INFO 20:40:38] my_main Updated target network
[INFO 20:41:36] my_main t_env: 671319 / 1000000
[INFO 20:41:36] my_main Estimated time left: 58 minutes, 16 seconds. Time passed: 1 hours, 52 minutes, 43 seconds
[INFO 20:41:45] my_main Recent Stats | t_env:     671319 | Episode:    17342
battle_won_mean:           0.0000	dead_allies_mean:          9.3672	dead_enemies_mean:         3.2237	ep_length_mean:           40.0599
epsilon:                   0.0500	grad_norm:                 0.5395	q_loss:                    0.0200	q_loss_1:                  0.0192
q_loss_2:                  0.0274	q_taken_mean:              0.2480	return_mean:               6.9073	return_std:                1.0689
target_mean:               0.2460	td_error_abs:              0.0983	test_battle_won_mean:      0.0000	test_dead_allies_mean:     9.3375
test_dead_enemies_mean:    3.8875	test_ep_length_mean:      47.4000	test_return_mean:          7.7237	test_return_std:           1.2299

[INFO 20:42:09] my_main Updated target network
[INFO 20:43:21] my_main t_env: 681432 / 1000000
[INFO 20:43:21] my_main Estimated time left: 55 minutes, 16 seconds. Time passed: 1 hours, 54 minutes, 29 seconds
[INFO 20:43:29] my_main Recent Stats | t_env:     681432 | Episode:    17572
battle_won_mean:           0.0000	dead_allies_mean:          9.4068	dead_enemies_mean:         3.2140	ep_length_mean:           41.4279
epsilon:                   0.0500	grad_norm:                 0.6515	q_loss:                    0.0204	q_loss_1:                  0.0197
q_loss_2:                  0.0267	q_taken_mean:              0.2428	return_mean:               6.9476	return_std:                1.0624
target_mean:               0.2417	td_error_abs:              0.0998	test_battle_won_mean:      0.0000	test_dead_allies_mean:     9.3625
test_dead_enemies_mean:    3.9688	test_ep_length_mean:      48.0000	test_return_mean:          7.8253	test_return_std:           1.2799

[INFO 20:43:41] my_main Updated target network
DataHandler: unable to parse websocket frame.
CloseHandler: 127.0.0.1:55018 disconnected
RequestQuit command received.
QueueResponse: No outstanding requests to this connection, dropping response: quit, id: 999999999
Closing Application...
[INFO 20:43:59] absl Shutdown gracefully.
[INFO 20:43:59] absl Shutdown with return code: -15
[INFO 20:44:00] absl Launching SC2: /mount/disk1/rl-hyr/StarCraftII/Versions/Base75689/SC2_x64 -listen 127.0.0.1 -port 33413 -dataDir /mount/disk1/rl-hyr/StarCraftII/ -tempDir /tmp/sc-1qkkt8mv/
[INFO 20:44:00] absl Connecting to: ws://127.0.0.1:33413/sc2api, attempt: 0, running: True
Version: B75689 (SC2.4.10)
Build: Aug 12 2019 17:16:57
Command Line: '"/mount/disk1/rl-hyr/StarCraftII/Versions/Base75689/SC2_x64" -listen 127.0.0.1 -port 33413 -dataDir /mount/disk1/rl-hyr/StarCraftII/ -tempDir /tmp/sc-1qkkt8mv/'
Starting up...
Startup Phase 1 complete
[INFO 20:44:01] absl Connecting to: ws://127.0.0.1:33413/sc2api, attempt: 1, running: True
Startup Phase 2 complete
Creating stub renderer...
Listening on: 127.0.0.1:33413
Startup Phase 3 complete. Ready for commands.
[INFO 20:44:02] absl Connecting to: ws://127.0.0.1:33413/sc2api, attempt: 2, running: True
ConnectHandler: Request from 127.0.0.1:42818 accepted
ReadyHandler: 127.0.0.1:42818 ready
Requesting to join a single player game
Configuring interface options
Configure: raw interface enabled
Configure: feature layer interface disabled
Configure: score interface disabled
Configure: render interface disabled
Launching next game.
Next launch phase started: 2
Next launch phase started: 3
Next launch phase started: 4
Next launch phase started: 5
Next launch phase started: 6
Next launch phase started: 7
Next launch phase started: 8
Game has started.
Using default stable ids, none found at: /mount/disk1/rl-hyr/StarCraftII/stableid.json
Successfully loaded stable ids: GameData\stableid.json
Sending ResponseJoinGame
[INFO 20:45:10] my_main Updated target network
[INFO 20:45:14] my_main t_env: 691559 / 1000000
[INFO 20:45:14] my_main Estimated time left: 57 minutes, 18 seconds. Time passed: 1 hours, 56 minutes, 22 seconds
[INFO 20:45:24] my_main Recent Stats | t_env:     691559 | Episode:    17810
battle_won_mean:           0.0000	dead_allies_mean:          9.4108	dead_enemies_mean:         3.2269	ep_length_mean:           41.9927
epsilon:                   0.0500	grad_norm:                 0.5886	q_loss:                    0.0194	q_loss_1:                  0.0187
q_loss_2:                  0.0256	q_taken_mean:              0.2346	return_mean:               7.0036	return_std:                1.0766
target_mean:               0.2352	td_error_abs:              0.0957	test_battle_won_mean:      0.0000	test_dead_allies_mean:     9.3625
test_dead_enemies_mean:    3.9875	test_ep_length_mean:      50.1250	test_return_mean:          7.8791	test_return_std:           1.1873

[INFO 20:46:42] my_main Updated target network
[INFO 20:47:07] my_main t_env: 701592 / 1000000
[INFO 20:47:07] my_main Estimated time left: 56 minutes, 9 seconds. Time passed: 1 hours, 58 minutes, 15 seconds
[INFO 20:47:17] my_main Recent Stats | t_env:     701592 | Episode:    18061
battle_won_mean:           0.0000	dead_allies_mean:          9.4311	dead_enemies_mean:         3.2347	ep_length_mean:           41.5032
epsilon:                   0.0500	grad_norm:                 0.7391	q_loss:                    0.0200	q_loss_1:                  0.0193
q_loss_2:                  0.0262	q_taken_mean:              0.2362	return_mean:               7.0215	return_std:                1.0826
target_mean:               0.2357	td_error_abs:              0.0972	test_battle_won_mean:      0.0000	test_dead_allies_mean:     9.3687
test_dead_enemies_mean:    3.9500	test_ep_length_mean:      50.0687	test_return_mean:          7.8340	test_return_std:           1.0998

[INFO 20:48:20] my_main Updated target network
[INFO 20:48:49] my_main t_env: 711594 / 1000000
[INFO 20:48:49] my_main Estimated time left: 48 minutes, 34 seconds. Time passed: 1 hours, 59 minutes, 56 seconds
[INFO 20:48:58] my_main Recent Stats | t_env:     711594 | Episode:    18267
battle_won_mean:           0.0000	dead_allies_mean:          9.4504	dead_enemies_mean:         3.2453	ep_length_mean:           43.3441
epsilon:                   0.0500	grad_norm:                 0.8470	q_loss:                    0.0212	q_loss_1:                  0.0206
q_loss_2:                  0.0263	q_taken_mean:              0.2397	return_mean:               7.0414	return_std:                1.0847
target_mean:               0.2386	td_error_abs:              0.1011	test_battle_won_mean:      0.0000	test_dead_allies_mean:     9.3125
test_dead_enemies_mean:    4.0500	test_ep_length_mean:      49.8375	test_return_mean:          7.8930	test_return_std:           1.1351

[INFO 20:49:55] my_main Updated target network
[INFO 20:50:35] my_main t_env: 721609 / 1000000
[INFO 20:50:35] my_main Estimated time left: 49 minutes, 7 seconds. Time passed: 2 hours, 1 minutes, 42 seconds
[INFO 20:50:45] my_main Recent Stats | t_env:     721609 | Episode:    18491
battle_won_mean:           0.0000	dead_allies_mean:          9.4538	dead_enemies_mean:         3.2547	ep_length_mean:           43.9511
epsilon:                   0.0500	grad_norm:                 0.7626	q_loss:                    0.0211	q_loss_1:                  0.0205
q_loss_2:                  0.0263	q_taken_mean:              0.2416	return_mean:               7.0727	return_std:                1.0611
target_mean:               0.2416	td_error_abs:              0.1008	test_battle_won_mean:      0.0000	test_dead_allies_mean:     9.3875
test_dead_enemies_mean:    4.0000	test_ep_length_mean:      51.3000	test_return_mean:          7.8921	test_return_std:           1.1125

[INFO 20:51:34] my_main Updated target network
[INFO 20:52:20] my_main t_env: 731639 / 1000000
[INFO 20:52:20] my_main Estimated time left: 47 minutes, 13 seconds. Time passed: 2 hours, 3 minutes, 28 seconds
[INFO 20:52:30] my_main Recent Stats | t_env:     731639 | Episode:    18706
battle_won_mean:           0.0000	dead_allies_mean:          9.4634	dead_enemies_mean:         3.2971	ep_length_mean:           44.4874
epsilon:                   0.0500	grad_norm:                 0.7969	q_loss:                    0.0221	q_loss_1:                  0.0215
q_loss_2:                  0.0273	q_taken_mean:              0.2534	return_mean:               7.1275	return_std:                1.0829
target_mean:               0.2532	td_error_abs:              0.1028	test_battle_won_mean:      0.0000	test_dead_allies_mean:     9.4250
test_dead_enemies_mean:    3.9750	test_ep_length_mean:      53.6312	test_return_mean:          7.9383	test_return_std:           1.1502

[INFO 20:53:10] my_main Updated target network
RequestQuit command received.
Closing Application...
DataHandler: unable to parse websocket frame.
CloseHandler: 127.0.0.1:42818 disconnected
[INFO 20:53:56] absl Shutdown gracefully.
[INFO 20:53:56] absl Shutdown with return code: -15
[INFO 20:53:56] absl Launching SC2: /mount/disk1/rl-hyr/StarCraftII/Versions/Base75689/SC2_x64 -listen 127.0.0.1 -port 34547 -dataDir /mount/disk1/rl-hyr/StarCraftII/ -tempDir /tmp/sc-caq1jxw4/
[INFO 20:53:57] absl Connecting to: ws://127.0.0.1:34547/sc2api, attempt: 0, running: True
Version: B75689 (SC2.4.10)
Build: Aug 12 2019 17:16:57
Command Line: '"/mount/disk1/rl-hyr/StarCraftII/Versions/Base75689/SC2_x64" -listen 127.0.0.1 -port 34547 -dataDir /mount/disk1/rl-hyr/StarCraftII/ -tempDir /tmp/sc-caq1jxw4/'
Starting up...
Startup Phase 1 complete
[INFO 20:53:58] absl Connecting to: ws://127.0.0.1:34547/sc2api, attempt: 1, running: True
Startup Phase 2 complete
Creating stub renderer...
Listening on: 127.0.0.1:34547
Startup Phase 3 complete. Ready for commands.
[INFO 20:53:59] absl Connecting to: ws://127.0.0.1:34547/sc2api, attempt: 2, running: True
ConnectHandler: Request from 127.0.0.1:42104 accepted
ReadyHandler: 127.0.0.1:42104 ready
Requesting to join a single player game
Configuring interface options
Configure: raw interface enabled
Configure: feature layer interface disabled
Configure: score interface disabled
Configure: render interface disabled
Launching next game.
Next launch phase started: 2
Next launch phase started: 3
Next launch phase started: 4
Next launch phase started: 5
Next launch phase started: 6
Next launch phase started: 7
Next launch phase started: 8
Game has started.
Using default stable ids, none found at: /mount/disk1/rl-hyr/StarCraftII/stableid.json
Successfully loaded stable ids: GameData\stableid.json
Sending ResponseJoinGame
[INFO 20:54:08] my_main t_env: 741673 / 1000000
[INFO 20:54:08] my_main Estimated time left: 45 minutes, 58 seconds. Time passed: 2 hours, 5 minutes, 15 seconds
[INFO 20:54:19] my_main Recent Stats | t_env:     741673 | Episode:    18911
battle_won_mean:           0.0000	dead_allies_mean:          9.4957	dead_enemies_mean:         3.2622	ep_length_mean:           45.7666
epsilon:                   0.0500	grad_norm:                 0.9005	q_loss:                    0.0241	q_loss_1:                  0.0236
q_loss_2:                  0.0287	q_taken_mean:              0.2707	return_mean:               7.1117	return_std:                1.0929
target_mean:               0.2709	td_error_abs:              0.1092	test_battle_won_mean:      0.0000	test_dead_allies_mean:     9.4125
test_dead_enemies_mean:    4.0687	test_ep_length_mean:      56.5187	test_return_mean:          8.0094	test_return_std:           1.2757

[INFO 20:55:06] my_main Updated target network
[INFO 20:55:47] my_main t_env: 751676 / 1000000
[INFO 20:55:47] my_main Estimated time left: 41 minutes, 16 seconds. Time passed: 2 hours, 6 minutes, 55 seconds
[INFO 20:55:58] my_main Recent Stats | t_env:     751676 | Episode:    19090
battle_won_mean:           0.0000	dead_allies_mean:          9.5033	dead_enemies_mean:         3.2950	ep_length_mean:           48.9487
epsilon:                   0.0500	grad_norm:                 0.8178	q_loss:                    0.0236	q_loss_1:                  0.0231
q_loss_2:                  0.0281	q_taken_mean:              0.2716	return_mean:               7.1447	return_std:                1.1143
target_mean:               0.2723	td_error_abs:              0.1075	test_battle_won_mean:      0.0000	test_dead_allies_mean:     9.4312
test_dead_enemies_mean:    4.0375	test_ep_length_mean:      58.0750	test_return_mean:          8.0044	test_return_std:           1.2540

[INFO 20:56:53] my_main Updated target network
[INFO 20:57:27] my_main t_env: 761681 / 1000000
[INFO 20:57:27] my_main Estimated time left: 39 minutes, 35 seconds. Time passed: 2 hours, 8 minutes, 34 seconds
[INFO 20:57:38] my_main Recent Stats | t_env:     761681 | Episode:    19271
battle_won_mean:           0.0000	dead_allies_mean:          9.5127	dead_enemies_mean:         3.3236	ep_length_mean:           50.2933
epsilon:                   0.0500	grad_norm:                 0.6142	q_loss:                    0.0225	q_loss_1:                  0.0219
q_loss_2:                  0.0282	q_taken_mean:              0.2722	return_mean:               7.1921	return_std:                1.1222
target_mean:               0.2741	td_error_abs:              0.1040	test_battle_won_mean:      0.0000	test_dead_allies_mean:     9.4750
test_dead_enemies_mean:    4.0625	test_ep_length_mean:      60.4938	test_return_mean:          8.0310	test_return_std:           1.2331

[INFO 20:58:44] my_main Updated target network
[INFO 20:59:06] my_main t_env: 771702 / 1000000
[INFO 20:59:06] my_main Estimated time left: 37 minutes, 24 seconds. Time passed: 2 hours, 10 minutes, 13 seconds
[INFO 20:59:17] my_main Recent Stats | t_env:     771702 | Episode:    19443
battle_won_mean:           0.0000	dead_allies_mean:          9.5397	dead_enemies_mean:         3.3296	ep_length_mean:           53.0036
epsilon:                   0.0500	grad_norm:                 0.6954	q_loss:                    0.0222	q_loss_1:                  0.0217
q_loss_2:                  0.0273	q_taken_mean:              0.2628	return_mean:               7.2476	return_std:                1.1456
target_mean:               0.2638	td_error_abs:              0.1016	test_battle_won_mean:      0.0000	test_dead_allies_mean:     9.4500
test_dead_enemies_mean:    4.1125	test_ep_length_mean:      61.2000	test_return_mean:          8.0605	test_return_std:           1.2144

[INFO 21:00:38] my_main Updated target network
[INFO 21:00:47] my_main t_env: 781766 / 1000000
[INFO 21:00:47] my_main Estimated time left: 36 minutes, 29 seconds. Time passed: 2 hours, 11 minutes, 54 seconds
[INFO 21:00:58] my_main Recent Stats | t_env:     781766 | Episode:    19619
battle_won_mean:           0.0000	dead_allies_mean:          9.5191	dead_enemies_mean:         3.3093	ep_length_mean:           55.1097
epsilon:                   0.0500	grad_norm:                 0.5064	q_loss:                    0.0208	q_loss_1:                  0.0201
q_loss_2:                  0.0270	q_taken_mean:              0.2607	return_mean:               7.2282	return_std:                1.1584
target_mean:               0.2601	td_error_abs:              0.0972	test_battle_won_mean:      0.0000	test_dead_allies_mean:     9.4125
test_dead_enemies_mean:    4.1312	test_ep_length_mean:      64.4875	test_return_mean:          8.0992	test_return_std:           1.2289

[INFO 21:02:27] my_main t_env: 791785 / 1000000
[INFO 21:02:27] my_main Estimated time left: 34 minutes, 36 seconds. Time passed: 2 hours, 13 minutes, 34 seconds
[INFO 21:02:37] my_main Recent Stats | t_env:     791785 | Episode:    19793
battle_won_mean:           0.0000	dead_allies_mean:          9.5011	dead_enemies_mean:         3.4025	ep_length_mean:           56.8366
epsilon:                   0.0500	grad_norm:                 0.4539	q_loss:                    0.0201	q_loss_1:                  0.0194
q_loss_2:                  0.0264	q_taken_mean:              0.2496	return_mean:               7.3215	return_std:                1.1450
target_mean:               0.2493	td_error_abs:              0.0975	test_battle_won_mean:      0.0000	test_dead_allies_mean:     9.4250
test_dead_enemies_mean:    4.0750	test_ep_length_mean:      62.8375	test_return_mean:          8.0759	test_return_std:           1.1890

[INFO 21:02:41] my_main Updated target network
RequestQuit command received.
Closing Application...
DataHandler: unable to parse websocket frame.
CloseHandler: 127.0.0.1:42104 disconnected
[INFO 21:02:59] absl Shutdown gracefully.
[INFO 21:02:59] absl Shutdown with return code: -15
[INFO 21:02:59] absl Launching SC2: /mount/disk1/rl-hyr/StarCraftII/Versions/Base75689/SC2_x64 -listen 127.0.0.1 -port 35311 -dataDir /mount/disk1/rl-hyr/StarCraftII/ -tempDir /tmp/sc-iye11r1u/
[INFO 21:02:59] absl Connecting to: ws://127.0.0.1:35311/sc2api, attempt: 0, running: True
Version: B75689 (SC2.4.10)
Build: Aug 12 2019 17:16:57
Command Line: '"/mount/disk1/rl-hyr/StarCraftII/Versions/Base75689/SC2_x64" -listen 127.0.0.1 -port 35311 -dataDir /mount/disk1/rl-hyr/StarCraftII/ -tempDir /tmp/sc-iye11r1u/'
Starting up...
Startup Phase 1 complete
[INFO 21:03:00] absl Connecting to: ws://127.0.0.1:35311/sc2api, attempt: 1, running: True
Startup Phase 2 complete
Creating stub renderer...
Listening on: 127.0.0.1:35311
Startup Phase 3 complete. Ready for commands.
[INFO 21:03:01] absl Connecting to: ws://127.0.0.1:35311/sc2api, attempt: 2, running: True
ConnectHandler: Request from 127.0.0.1:53672 accepted
ReadyHandler: 127.0.0.1:53672 ready
Requesting to join a single player game
Configuring interface options
Configure: raw interface enabled
Configure: feature layer interface disabled
Configure: score interface disabled
Configure: render interface disabled
Launching next game.
Next launch phase started: 2
Next launch phase started: 3
Next launch phase started: 4
Next launch phase started: 5
Next launch phase started: 6
Next launch phase started: 7
Next launch phase started: 8
Game has started.
Using default stable ids, none found at: /mount/disk1/rl-hyr/StarCraftII/stableid.json
Successfully loaded stable ids: GameData\stableid.json
Sending ResponseJoinGame
[INFO 21:04:22] my_main t_env: 801823 / 1000000
[INFO 21:04:22] my_main Estimated time left: 37 minutes, 56 seconds. Time passed: 2 hours, 15 minutes, 29 seconds
[INFO 21:04:32] my_main Recent Stats | t_env:     801823 | Episode:    19999
battle_won_mean:           0.0000	dead_allies_mean:          9.4965	dead_enemies_mean:         3.3779	ep_length_mean:           55.4057
epsilon:                   0.0500	grad_norm:                 0.3968	q_loss:                    0.0197	q_loss_1:                  0.0190
q_loss_2:                  0.0266	q_taken_mean:              0.2467	return_mean:               7.3227	return_std:                1.1573
target_mean:               0.2473	td_error_abs:              0.0968	test_battle_won_mean:      0.0000	test_dead_allies_mean:     9.4187
test_dead_enemies_mean:    4.1250	test_ep_length_mean:      60.8937	test_return_mean:          8.1076	test_return_std:           1.1564

[INFO 21:04:33] my_main Updated target network
[INFO 21:06:09] my_main Updated target network
[INFO 21:06:10] my_main t_env: 811835 / 1000000
[INFO 21:06:10] my_main Estimated time left: 33 minutes, 52 seconds. Time passed: 2 hours, 17 minutes, 17 seconds
[INFO 21:06:19] my_main Recent Stats | t_env:     811835 | Episode:    20203
battle_won_mean:           0.0000	dead_allies_mean:          9.4841	dead_enemies_mean:         3.3439	ep_length_mean:           54.1661
epsilon:                   0.0500	grad_norm:                 0.5860	q_loss:                    0.0205	q_loss_1:                  0.0198
q_loss_2:                  0.0264	q_taken_mean:              0.2404	return_mean:               7.3015	return_std:                1.1450
target_mean:               0.2400	td_error_abs:              0.0976	test_battle_won_mean:      0.0000	test_dead_allies_mean:     9.4000
test_dead_enemies_mean:    4.1438	test_ep_length_mean:      58.2062	test_return_mean:          8.1023	test_return_std:           1.0999

[INFO 21:07:53] my_main Updated target network
[INFO 21:08:02] my_main t_env: 821863 / 1000000
[INFO 21:08:02] my_main Estimated time left: 33 minutes, 14 seconds. Time passed: 2 hours, 19 minutes, 10 seconds
[INFO 21:08:11] my_main Recent Stats | t_env:     821863 | Episode:    20420
battle_won_mean:           0.0000	dead_allies_mean:          9.4600	dead_enemies_mean:         3.4051	ep_length_mean:           51.7562
epsilon:                   0.0500	grad_norm:                 0.4921	q_loss:                    0.0211	q_loss_1:                  0.0203
q_loss_2:                  0.0279	q_taken_mean:              0.2465	return_mean:               7.2893	return_std:                1.1308
target_mean:               0.2470	td_error_abs:              0.1002	test_battle_won_mean:      0.0000	test_dead_allies_mean:     9.3687
test_dead_enemies_mean:    4.2500	test_ep_length_mean:      55.5187	test_return_mean:          8.0542	test_return_std:           1.0894

[INFO 21:09:44] my_main Updated target network
[INFO 21:09:46] my_main t_env: 831887 / 1000000
[INFO 21:09:46] my_main Estimated time left: 28 minutes, 56 seconds. Time passed: 2 hours, 20 minutes, 53 seconds
[INFO 21:09:56] my_main Recent Stats | t_env:     831887 | Episode:    20604
battle_won_mean:           0.0000	dead_allies_mean:          9.4530	dead_enemies_mean:         3.5142	ep_length_mean:           51.2155
epsilon:                   0.0500	grad_norm:                 0.4790	q_loss:                    0.0209	q_loss_1:                  0.0201
q_loss_2:                  0.0277	q_taken_mean:              0.2427	return_mean:               7.3455	return_std:                1.1360
target_mean:               0.2431	td_error_abs:              0.1001	test_battle_won_mean:      0.0000	test_dead_allies_mean:     9.3625
test_dead_enemies_mean:    4.3125	test_ep_length_mean:      53.7625	test_return_mean:          8.0213	test_return_std:           1.0535

[INFO 21:11:31] my_main Updated target network
[INFO 21:11:38] my_main t_env: 841920 / 1000000
[INFO 21:11:38] my_main Estimated time left: 29 minutes, 27 seconds. Time passed: 2 hours, 22 minutes, 45 seconds
[INFO 21:11:47] my_main Recent Stats | t_env:     841920 | Episode:    20816
battle_won_mean:           0.0000	dead_allies_mean:          9.4609	dead_enemies_mean:         3.4612	ep_length_mean:           49.1645
epsilon:                   0.0500	grad_norm:                 0.5936	q_loss:                    0.0219	q_loss_1:                  0.0212
q_loss_2:                  0.0286	q_taken_mean:              0.2459	return_mean:               7.2989	return_std:                1.1467
target_mean:               0.2429	td_error_abs:              0.1012	test_battle_won_mean:      0.0000	test_dead_allies_mean:     9.3625
test_dead_enemies_mean:    4.3438	test_ep_length_mean:      52.3063	test_return_mean:          8.0069	test_return_std:           1.0067

RequestQuit command received.
Closing Application...
DataHandler: unable to parse websocket frame.
CloseHandler: 127.0.0.1:53672 disconnected
[INFO 21:13:11] absl Shutdown gracefully.
[INFO 21:13:11] absl Shutdown with return code: -15
[INFO 21:13:11] absl Launching SC2: /mount/disk1/rl-hyr/StarCraftII/Versions/Base75689/SC2_x64 -listen 127.0.0.1 -port 39033 -dataDir /mount/disk1/rl-hyr/StarCraftII/ -tempDir /tmp/sc-hknyvy4a/
[INFO 21:13:11] absl Connecting to: ws://127.0.0.1:39033/sc2api, attempt: 0, running: True
Version: B75689 (SC2.4.10)
Build: Aug 12 2019 17:16:57
Command Line: '"/mount/disk1/rl-hyr/StarCraftII/Versions/Base75689/SC2_x64" -listen 127.0.0.1 -port 39033 -dataDir /mount/disk1/rl-hyr/StarCraftII/ -tempDir /tmp/sc-hknyvy4a/'
Starting up...
Startup Phase 1 complete
[INFO 21:13:12] absl Connecting to: ws://127.0.0.1:39033/sc2api, attempt: 1, running: True
Startup Phase 2 complete
Creating stub renderer...
Listening on: 127.0.0.1:39033
Startup Phase 3 complete. Ready for commands.
[INFO 21:13:13] absl Connecting to: ws://127.0.0.1:39033/sc2api, attempt: 2, running: True
ConnectHandler: Request from 127.0.0.1:54328 accepted
ReadyHandler: 127.0.0.1:54328 ready
Requesting to join a single player game
Configuring interface options
Configure: raw interface enabled
Configure: feature layer interface disabled
Configure: score interface disabled
Configure: render interface disabled
Launching next game.
Next launch phase started: 2
Next launch phase started: 3
Next launch phase started: 4
Next launch phase started: 5
Next launch phase started: 6
Next launch phase started: 7
Next launch phase started: 8
Game has started.
Using default stable ids, none found at: /mount/disk1/rl-hyr/StarCraftII/stableid.json
Successfully loaded stable ids: GameData\stableid.json
Sending ResponseJoinGame
[INFO 21:13:26] my_main t_env: 851928 / 1000000
[INFO 21:13:26] my_main Estimated time left: 26 minutes, 43 seconds. Time passed: 2 hours, 24 minutes, 34 seconds
[INFO 21:13:38] my_main Recent Stats | t_env:     851928 | Episode:    21000
battle_won_mean:           0.0000	dead_allies_mean:          9.4312	dead_enemies_mean:         3.4868	ep_length_mean:           50.2971
epsilon:                   0.0500	grad_norm:                 0.6262	q_loss:                    0.0227	q_loss_1:                  0.0220
q_loss_2:                  0.0294	q_taken_mean:              0.2475	return_mean:               7.3097	return_std:                1.1507
target_mean:               0.2439	td_error_abs:              0.1031	test_battle_won_mean:      0.0000	test_dead_allies_mean:     9.3313
test_dead_enemies_mean:    4.2750	test_ep_length_mean:      55.6312	test_return_mean:          7.9627	test_return_std:           1.0971

[INFO 21:13:39] my_main Updated target network
[INFO 21:15:14] my_main Updated target network
[INFO 21:15:20] my_main t_env: 861939 / 1000000
[INFO 21:15:20] my_main Estimated time left: 26 minutes, 9 seconds. Time passed: 2 hours, 26 minutes, 28 seconds
[INFO 21:15:30] my_main Recent Stats | t_env:     861939 | Episode:    21214
battle_won_mean:           0.0000	dead_allies_mean:          9.4146	dead_enemies_mean:         3.5480	ep_length_mean:           49.8375
epsilon:                   0.0500	grad_norm:                 0.8240	q_loss:                    0.0257	q_loss_1:                  0.0253
q_loss_2:                  0.0293	q_taken_mean:              0.2469	return_mean:               7.3191	return_std:                1.1628
target_mean:               0.2466	td_error_abs:              0.1112	test_battle_won_mean:      0.0000	test_dead_allies_mean:     9.2750
test_dead_enemies_mean:    4.4375	test_ep_length_mean:      56.7687	test_return_mean:          8.0744	test_return_std:           1.1421

[INFO 21:17:03] my_main Updated target network
[INFO 21:17:07] my_main t_env: 871939 / 1000000
[INFO 21:17:07] my_main Estimated time left: 22 minutes, 52 seconds. Time passed: 2 hours, 28 minutes, 15 seconds
[INFO 21:17:16] my_main Recent Stats | t_env:     871939 | Episode:    21411
battle_won_mean:           0.0000	dead_allies_mean:          9.3996	dead_enemies_mean:         3.5299	ep_length_mean:           50.7474
epsilon:                   0.0500	grad_norm:                 0.8192	q_loss:                    0.0263	q_loss_1:                  0.0259
q_loss_2:                  0.0295	q_taken_mean:              0.2524	return_mean:               7.3099	return_std:                1.1777
target_mean:               0.2517	td_error_abs:              0.1117	test_battle_won_mean:      0.0000	test_dead_allies_mean:     9.3062
test_dead_enemies_mean:    4.3375	test_ep_length_mean:      56.4250	test_return_mean:          8.1420	test_return_std:           1.1836

[INFO 21:18:48] my_main Updated target network
[INFO 21:19:00] my_main t_env: 882031 / 1000000
[INFO 21:19:00] my_main Estimated time left: 21 minutes, 58 seconds. Time passed: 2 hours, 30 minutes, 7 seconds
[INFO 21:19:10] my_main Recent Stats | t_env:     882031 | Episode:    21625
battle_won_mean:           0.0000	dead_allies_mean:          9.4109	dead_enemies_mean:         3.4582	ep_length_mean:           49.2835
epsilon:                   0.0500	grad_norm:                 0.7969	q_loss:                    0.0267	q_loss_1:                  0.0263
q_loss_2:                  0.0298	q_taken_mean:              0.2555	return_mean:               7.2901	return_std:                1.1661
target_mean:               0.2554	td_error_abs:              0.1109	test_battle_won_mean:      0.0000	test_dead_allies_mean:     9.3062
test_dead_enemies_mean:    4.4750	test_ep_length_mean:      56.0000	test_return_mean:          8.2595	test_return_std:           1.2122

[INFO 21:20:40] my_main Updated target network
[INFO 21:20:48] my_main t_env: 892056 / 1000000
[INFO 21:20:48] my_main Estimated time left: 19 minutes, 17 seconds. Time passed: 2 hours, 31 minutes, 55 seconds
[INFO 21:20:59] my_main Recent Stats | t_env:     892056 | Episode:    21816
battle_won_mean:           0.0000	dead_allies_mean:          9.4130	dead_enemies_mean:         3.5120	ep_length_mean:           50.3158
epsilon:                   0.0500	grad_norm:                 0.6006	q_loss:                    0.0251	q_loss_1:                  0.0246
q_loss_2:                  0.0299	q_taken_mean:              0.2561	return_mean:               7.3011	return_std:                1.1537
target_mean:               0.2585	td_error_abs:              0.1057	test_battle_won_mean:      0.0000	test_dead_allies_mean:     9.2688
test_dead_enemies_mean:    4.6000	test_ep_length_mean:      58.3750	test_return_mean:          8.4055	test_return_std:           1.2755

[INFO 21:22:33] my_main t_env: 902168 / 1000000
[INFO 21:22:33] my_main Estimated time left: 16 minutes, 56 seconds. Time passed: 2 hours, 33 minutes, 40 seconds
[INFO 21:22:45] my_main Recent Stats | t_env:     902168 | Episode:    21997
battle_won_mean:           0.0000	dead_allies_mean:          9.4351	dead_enemies_mean:         3.5311	ep_length_mean:           50.6110
epsilon:                   0.0500	grad_norm:                 0.5779	q_loss:                    0.0258	q_loss_1:                  0.0252
q_loss_2:                  0.0307	q_taken_mean:              0.2649	return_mean:               7.3087	return_std:                1.1532
target_mean:               0.2680	td_error_abs:              0.1071	test_battle_won_mean:      0.0000	test_dead_allies_mean:     9.2875
test_dead_enemies_mean:    4.6750	test_ep_length_mean:      59.8250	test_return_mean:          8.4674	test_return_std:           1.2957

[INFO 21:22:47] my_main Updated target network
RequestQuit command received.
Closing Application...
DataHandler: unable to parse websocket frame.
CloseHandler: 127.0.0.1:54328 disconnected
[INFO 21:23:05] absl Shutdown gracefully.
[INFO 21:23:05] absl Shutdown with return code: -15
[INFO 21:23:05] absl Launching SC2: /mount/disk1/rl-hyr/StarCraftII/Versions/Base75689/SC2_x64 -listen 127.0.0.1 -port 41991 -dataDir /mount/disk1/rl-hyr/StarCraftII/ -tempDir /tmp/sc-kjxs4ras/
[INFO 21:23:05] absl Connecting to: ws://127.0.0.1:41991/sc2api, attempt: 0, running: True
Version: B75689 (SC2.4.10)
Build: Aug 12 2019 17:16:57
Command Line: '"/mount/disk1/rl-hyr/StarCraftII/Versions/Base75689/SC2_x64" -listen 127.0.0.1 -port 41991 -dataDir /mount/disk1/rl-hyr/StarCraftII/ -tempDir /tmp/sc-kjxs4ras/'
Starting up...
Startup Phase 1 complete
[INFO 21:23:06] absl Connecting to: ws://127.0.0.1:41991/sc2api, attempt: 1, running: True
Startup Phase 2 complete
Creating stub renderer...
Listening on: 127.0.0.1:41991
Startup Phase 3 complete. Ready for commands.
[INFO 21:23:07] absl Connecting to: ws://127.0.0.1:41991/sc2api, attempt: 2, running: True
ConnectHandler: Request from 127.0.0.1:44698 accepted
ReadyHandler: 127.0.0.1:44698 ready
Requesting to join a single player game
Configuring interface options
Configure: raw interface enabled
Configure: feature layer interface disabled
Configure: score interface disabled
Configure: render interface disabled
Launching next game.
Next launch phase started: 2
Next launch phase started: 3
Next launch phase started: 4
Next launch phase started: 5
Next launch phase started: 6
Next launch phase started: 7
Next launch phase started: 8
Game has started.
Using default stable ids, none found at: /mount/disk1/rl-hyr/StarCraftII/stableid.json
Successfully loaded stable ids: GameData\stableid.json
Sending ResponseJoinGame
[INFO 21:24:27] my_main t_env: 912278 / 1000000
[INFO 21:24:27] my_main Estimated time left: 16 minutes, 30 seconds. Time passed: 2 hours, 35 minutes, 34 seconds
[INFO 21:24:37] my_main Recent Stats | t_env:     912278 | Episode:    22185
battle_won_mean:           0.0000	dead_allies_mean:          9.4270	dead_enemies_mean:         3.5379	ep_length_mean:           52.0102
epsilon:                   0.0500	grad_norm:                 0.3638	q_loss:                    0.0234	q_loss_1:                  0.0224
q_loss_2:                  0.0318	q_taken_mean:              0.2730	return_mean:               7.3312	return_std:                1.1651
target_mean:               0.2726	td_error_abs:              0.1001	test_battle_won_mean:      0.0000	test_dead_allies_mean:     9.3188
test_dead_enemies_mean:    4.6188	test_ep_length_mean:      61.0500	test_return_mean:          8.4137	test_return_std:           1.3486

[INFO 21:24:46] my_main Updated target network
[INFO 21:26:08] my_main t_env: 922352 / 1000000
[INFO 21:26:08] my_main Estimated time left: 13 minutes, 0 seconds. Time passed: 2 hours, 37 minutes, 15 seconds
[INFO 21:26:20] my_main Recent Stats | t_env:     922352 | Episode:    22354
battle_won_mean:           0.0000	dead_allies_mean:          9.4256	dead_enemies_mean:         3.5622	ep_length_mean:           53.7798
epsilon:                   0.0500	grad_norm:                 0.4809	q_loss:                    0.0235	q_loss_1:                  0.0225
q_loss_2:                  0.0322	q_taken_mean:              0.2711	return_mean:               7.3830	return_std:                1.1642
target_mean:               0.2715	td_error_abs:              0.0999	test_battle_won_mean:      0.0000	test_dead_allies_mean:     9.2688
test_dead_enemies_mean:    4.6813	test_ep_length_mean:      64.9437	test_return_mean:          8.4140	test_return_std:           1.3779

[INFO 21:26:44] my_main Updated target network
[INFO 21:27:53] my_main t_env: 932418 / 1000000
[INFO 21:27:53] my_main Estimated time left: 11 minutes, 42 seconds. Time passed: 2 hours, 39 minutes, 0 seconds
[INFO 21:28:03] my_main Recent Stats | t_env:     932418 | Episode:    22531
battle_won_mean:           0.0000	dead_allies_mean:          9.4254	dead_enemies_mean:         3.6093	ep_length_mean:           55.7221
epsilon:                   0.0500	grad_norm:                 0.4977	q_loss:                    0.0293	q_loss_1:                  0.0288
q_loss_2:                  0.0344	q_taken_mean:              0.2793	return_mean:               7.4135	return_std:                1.1969
target_mean:               0.2799	td_error_abs:              0.1042	test_battle_won_mean:      0.0000	test_dead_allies_mean:     9.2937
test_dead_enemies_mean:    4.5250	test_ep_length_mean:      65.4187	test_return_mean:          8.3651	test_return_std:           1.3773

[INFO 21:28:40] my_main Updated target network
[INFO 21:29:37] my_main t_env: 942452 / 1000000
[INFO 21:29:37] my_main Estimated time left: 9 minutes, 58 seconds. Time passed: 2 hours, 40 minutes, 44 seconds
[INFO 21:29:48] my_main Recent Stats | t_env:     942452 | Episode:    22713
battle_won_mean:           0.0000	dead_allies_mean:          9.4181	dead_enemies_mean:         3.6082	ep_length_mean:           56.2511
epsilon:                   0.0500	grad_norm:                 0.5394	q_loss:                    0.0301	q_loss_1:                  0.0296
q_loss_2:                  0.0347	q_taken_mean:              0.2829	return_mean:               7.4489	return_std:                1.2188
target_mean:               0.2836	td_error_abs:              0.1065	test_battle_won_mean:      0.0000	test_dead_allies_mean:     9.3500
test_dead_enemies_mean:    4.4313	test_ep_length_mean:      64.9187	test_return_mean:          8.2951	test_return_std:           1.4292

[INFO 21:30:32] my_main Updated target network
[INFO 21:31:24] my_main t_env: 952525 / 1000000
[INFO 21:31:24] my_main Estimated time left: 8 minutes, 25 seconds. Time passed: 2 hours, 42 minutes, 32 seconds
[INFO 21:31:34] my_main Recent Stats | t_env:     952525 | Episode:    22908
battle_won_mean:           0.0000	dead_allies_mean:          9.4045	dead_enemies_mean:         3.6510	ep_length_mean:           55.4089
epsilon:                   0.0500	grad_norm:                 0.6073	q_loss:                    0.0291	q_loss_1:                  0.0286
q_loss_2:                  0.0338	q_taken_mean:              0.2760	return_mean:               7.4817	return_std:                1.2302
target_mean:               0.2760	td_error_abs:              0.1033	test_battle_won_mean:      0.0000	test_dead_allies_mean:     9.3313
test_dead_enemies_mean:    4.3625	test_ep_length_mean:      62.0187	test_return_mean:          8.1987	test_return_std:           1.4375

[INFO 21:32:19] my_main Updated target network
RequestQuit command received.
Closing Application...
DataHandler: unable to parse websocket frame.
CloseHandler: 127.0.0.1:44698 disconnected
[INFO 21:32:43] absl Shutdown gracefully.
[INFO 21:32:43] absl Shutdown with return code: -15
[INFO 21:32:43] absl Launching SC2: /mount/disk1/rl-hyr/StarCraftII/Versions/Base75689/SC2_x64 -listen 127.0.0.1 -port 44447 -dataDir /mount/disk1/rl-hyr/StarCraftII/ -tempDir /tmp/sc-28nx5vqm/
[INFO 21:32:43] absl Connecting to: ws://127.0.0.1:44447/sc2api, attempt: 0, running: True
Version: B75689 (SC2.4.10)
Build: Aug 12 2019 17:16:57
Command Line: '"/mount/disk1/rl-hyr/StarCraftII/Versions/Base75689/SC2_x64" -listen 127.0.0.1 -port 44447 -dataDir /mount/disk1/rl-hyr/StarCraftII/ -tempDir /tmp/sc-28nx5vqm/'
Starting up...
Startup Phase 1 complete
[INFO 21:32:44] absl Connecting to: ws://127.0.0.1:44447/sc2api, attempt: 1, running: True
Startup Phase 2 complete
Creating stub renderer...
Listening on: 127.0.0.1:44447
Startup Phase 3 complete. Ready for commands.
[INFO 21:32:45] absl Connecting to: ws://127.0.0.1:44447/sc2api, attempt: 2, running: True
ConnectHandler: Request from 127.0.0.1:35594 accepted
ReadyHandler: 127.0.0.1:35594 ready
Requesting to join a single player game
Configuring interface options
Configure: raw interface enabled
Configure: feature layer interface disabled
Configure: score interface disabled
Configure: render interface disabled
Launching next game.
Next launch phase started: 2
Next launch phase started: 3
Next launch phase started: 4
Next launch phase started: 5
Next launch phase started: 6
Next launch phase started: 7
Next launch phase started: 8
Game has started.
Using default stable ids, none found at: /mount/disk1/rl-hyr/StarCraftII/stableid.json
Successfully loaded stable ids: GameData\stableid.json
Sending ResponseJoinGame
[INFO 21:33:18] my_main t_env: 962542 / 1000000
[INFO 21:33:18] my_main Estimated time left: 7 minutes, 6 seconds. Time passed: 2 hours, 44 minutes, 26 seconds
[INFO 21:33:26] my_main Recent Stats | t_env:     962542 | Episode:    23116
battle_won_mean:           0.0000	dead_allies_mean:          9.4052	dead_enemies_mean:         3.7185	ep_length_mean:           54.2853
epsilon:                   0.0500	grad_norm:                 0.4336	q_loss:                    0.0276	q_loss_1:                  0.0270
q_loss_2:                  0.0331	q_taken_mean:              0.2691	return_mean:               7.5232	return_std:                1.2334
target_mean:               0.2702	td_error_abs:              0.0991	test_battle_won_mean:      0.0000	test_dead_allies_mean:     9.3313
test_dead_enemies_mean:    4.2000	test_ep_length_mean:      58.8937	test_return_mean:          8.0636	test_return_std:           1.2931

[INFO 21:34:06] my_main Updated target network
[INFO 21:35:13] my_main t_env: 972572 / 1000000
[INFO 21:35:13] my_main Estimated time left: 5 minutes, 14 seconds. Time passed: 2 hours, 46 minutes, 21 seconds
[INFO 21:35:24] my_main Recent Stats | t_env:     972572 | Episode:    23352
battle_won_mean:           0.0000	dead_allies_mean:          9.3896	dead_enemies_mean:         3.7610	ep_length_mean:           50.8634
epsilon:                   0.0500	grad_norm:                 0.3059	q_loss:                    0.0268	q_loss_1:                  0.0261
q_loss_2:                  0.0330	q_taken_mean:              0.2699	return_mean:               7.4958	return_std:                1.2309
target_mean:               0.2704	td_error_abs:              0.0980	test_battle_won_mean:      0.0000	test_dead_allies_mean:     9.3188
test_dead_enemies_mean:    4.3187	test_ep_length_mean:      59.4375	test_return_mean:          8.1282	test_return_std:           1.3083

[INFO 21:35:47] my_main Updated target network
[INFO 21:37:06] my_main t_env: 982619 / 1000000
[INFO 21:37:06] my_main Estimated time left: 3 minutes, 14 seconds. Time passed: 2 hours, 48 minutes, 13 seconds
[INFO 21:37:15] my_main Recent Stats | t_env:     982619 | Episode:    23571
battle_won_mean:           0.0000	dead_allies_mean:          9.3760	dead_enemies_mean:         3.8034	ep_length_mean:           48.6647
epsilon:                   0.0500	grad_norm:                 0.2976	q_loss:                    0.0202	q_loss_1:                  0.0190
q_loss_2:                  0.0304	q_taken_mean:              0.2538	return_mean:               7.4990	return_std:                1.2208
target_mean:               0.2542	td_error_abs:              0.0912	test_battle_won_mean:      0.0000	test_dead_allies_mean:     9.2625
test_dead_enemies_mean:    4.5375	test_ep_length_mean:      59.4250	test_return_mean:          8.2082	test_return_std:           1.3649

[INFO 21:37:28] my_main Updated target network
[INFO 21:38:58] my_main Updated target network
[INFO 21:39:04] my_main t_env: 992644 / 1000000
[INFO 21:39:04] my_main Estimated time left: 1 minutes, 26 seconds. Time passed: 2 hours, 50 minutes, 11 seconds
[INFO 21:39:14] my_main Recent Stats | t_env:     992644 | Episode:    23814
battle_won_mean:           0.0000	dead_allies_mean:          9.3402	dead_enemies_mean:         3.8444	ep_length_mean:           45.8894
epsilon:                   0.0500	grad_norm:                 0.2148	q_loss:                    0.0190	q_loss_1:                  0.0178
q_loss_2:                  0.0300	q_taken_mean:              0.2473	return_mean:               7.4599	return_std:                1.2050
target_mean:               0.2466	td_error_abs:              0.0869	test_battle_won_mean:      0.0000	test_dead_allies_mean:     9.2312
test_dead_enemies_mean:    4.6750	test_ep_length_mean:      59.2687	test_return_mean:          8.2686	test_return_std:           1.3980

RequestQuit command received.
Closing Application...
DataHandler: unable to parse websocket frame.
CloseHandler: 127.0.0.1:35594 disconnected
[INFO 21:40:33] absl Shutdown gracefully.
[INFO 21:40:33] absl Shutdown with return code: -15
[INFO 21:40:33] my_main Finished Training
Exiting Main
Stopping all threads
Thread Thread-1 is alive! Is daemon: False
Thread joined
Exiting script
